DATE,DTB6
2007-06-06,4.75
2007-06-07,4.77
2007-06-08,4.74
2007-06-11,4.76
2007-06-12,4.77
2007-06-13,4.74
2007-06-14,4.73
2007-06-15,4.68
2007-06-18,4.73
2007-06-19,4.71
2007-06-20,4.77
2007-06-21,4.76
2007-06-22,4.75
2007-06-25,4.81
2007-06-26,4.81
2007-06-27,4.75
2007-06-28,4.75
2007-06-29,4.74
2007-07-02,4.82
2007-07-03,4.82
2007-07-04,.
2007-07-05,4.83
2007-07-06,4.81
2007-07-09,4.85
2007-07-10,4.83
2007-07-11,4.84
2007-07-12,4.85
2007-07-13,4.85
2007-07-16,4.87
2007-07-17,4.87
2007-07-18,4.85
2007-07-19,4.86
2007-07-20,4.85
2007-07-23,4.89
2007-07-24,4.87
2007-07-25,4.85
2007-07-26,4.76
2007-07-27,4.75
2007-07-30,4.80
2007-07-31,4.79
2007-08-01,4.76
2007-08-02,4.75
2007-08-03,4.72
2007-08-06,4.72
2007-08-07,4.78
2007-08-08,4.81
2007-08-09,4.67
2007-08-10,4.62
2007-08-13,4.70
2007-08-14,4.62
2007-08-15,4.31
2007-08-16,4.07
2007-08-17,4.04
2007-08-20,4.02
2007-08-21,3.93
2007-08-22,3.93
2007-08-23,4.04
2007-08-24,4.16
2007-08-27,4.51
2007-08-28,4.31
2007-08-29,4.14
2007-08-30,4.06
2007-08-31,4.06
2007-09-03,.
2007-09-04,4.35
2007-09-05,4.24
2007-09-06,4.25
2007-09-07,4.05
2007-09-10,4.05
2007-09-11,4.11
2007-09-12,4.05
2007-09-13,4.11
2007-09-14,4.07
2007-09-17,4.15
2007-09-18,3.97
2007-09-19,3.94
2007-09-20,3.96
2007-09-21,3.95
2007-09-24,3.96
2007-09-25,3.91
2007-09-26,3.91
2007-09-27,3.92
2007-09-28,3.94
2007-10-01,4.00
2007-10-02,4.01
2007-10-03,4.01
2007-10-04,4.00
2007-10-05,4.05
2007-10-08,.
2007-10-09,4.12
2007-10-10,4.11
2007-10-11,4.11
2007-10-12,4.15
2007-10-15,4.23
2007-10-16,4.17
2007-10-17,4.02
2007-10-18,3.94
2007-10-19,3.93
2007-10-22,4.00
2007-10-23,3.97
2007-10-24,3.86
2007-10-25,3.88
2007-10-26,3.91
2007-10-29,3.95
2007-10-30,3.92
2007-10-31,3.94
2007-11-01,3.81
2007-11-02,3.66
2007-11-05,3.80
2007-11-06,3.76
2007-11-07,3.63
2007-11-08,3.55
2007-11-09,3.52
2007-11-12,.
2007-11-13,3.63
2007-11-14,3.57
2007-11-15,3.44
2007-11-16,3.45
2007-11-19,3.43
2007-11-20,3.30
2007-11-21,3.17
2007-11-22,.
2007-11-23,3.28
2007-11-26,3.23
2007-11-27,3.26
2007-11-28,3.27
2007-11-29,3.19
2007-11-30,3.26
2007-12-03,3.17
2007-12-04,3.12
2007-12-05,3.14
2007-12-06,3.18
2007-12-07,3.20
2007-12-10,3.20
2007-12-11,3.07
2007-12-12,3.10
2007-12-13,3.12
2007-12-14,3.16
2007-12-17,3.28
2007-12-18,3.26
2007-12-19,3.22
2007-12-20,3.16
2007-12-21,3.27
2007-12-24,3.45
2007-12-25,.
2007-12-26,3.46
2007-12-27,3.32
2007-12-28,3.34
2007-12-31,3.37
2008-01-01,.
2008-01-02,3.21
2008-01-03,3.18
2008-01-04,3.12
2008-01-07,3.18
2008-01-08,3.16
2008-01-09,3.12
2008-01-10,3.11
2008-01-11,2.98
2008-01-14,2.97
2008-01-15,2.95
2008-01-16,2.95
2008-01-17,2.92
2008-01-18,2.78
2008-01-21,.
2008-01-22,2.34
2008-01-23,2.19
2008-01-24,2.41
2008-01-25,2.34
2008-01-28,2.29
2008-01-29,2.29
2008-01-30,2.23
2008-01-31,2.02
2008-02-01,2.09
2008-02-04,2.16
2008-02-05,2.07
2008-02-06,2.04
2008-02-07,2.07
2008-02-08,2.06
2008-02-11,2.07
2008-02-12,2.06
2008-02-13,2.04
2008-02-14,2.06
2008-02-15,2.02
2008-02-18,.
2008-02-19,2.08
2008-02-20,2.11
2008-02-21,2.04
2008-02-22,2.08
2008-02-25,2.07
2008-02-26,2.03
2008-02-27,1.97
2008-02-28,1.90
2008-02-29,1.78
2008-03-03,1.76
2008-03-04,1.72
2008-03-05,1.71
2008-03-06,1.58
2008-03-07,1.53
2008-03-10,1.42
2008-03-11,1.60
2008-03-12,1.53
2008-03-13,1.47
2008-03-14,1.29
2008-03-17,1.28
2008-03-18,1.29
2008-03-19,1.20
2008-03-20,1.18
2008-03-21,.
2008-03-24,1.57
2008-03-25,1.53
2008-03-26,1.45
2008-03-27,1.46
2008-03-28,1.47
2008-03-31,1.48
2008-04-01,1.50
2008-04-02,1.53
2008-04-03,1.53
2008-04-04,1.50
2008-04-07,1.58
2008-04-08,1.55
2008-04-09,1.48
2008-04-10,1.46
2008-04-11,1.37
2008-04-14,1.38
2008-04-15,1.39
2008-04-16,1.46
2008-04-17,1.55
2008-04-18,1.64
2008-04-21,1.65
2008-04-22,1.61
2008-04-23,1.60
2008-04-24,1.62
2008-04-25,1.69
2008-04-28,1.70
2008-04-29,1.70
2008-04-30,1.60
2008-05-01,1.69
2008-05-02,1.68
2008-05-05,1.72
2008-05-06,1.72
2008-05-07,1.71
2008-05-08,1.70
2008-05-09,1.70
2008-05-12,1.83
2008-05-13,1.85
2008-05-14,1.86
2008-05-15,1.85
2008-05-16,1.86
2008-05-19,1.85
2008-05-20,1.86
2008-05-21,1.86
2008-05-22,1.90
2008-05-23,1.89
2008-05-26,.
2008-05-27,1.90
2008-05-28,1.95
2008-05-29,1.88
2008-05-30,1.96
2008-06-02,1.95
2008-06-03,1.95
2008-06-04,1.94
2008-06-05,1.95
2008-06-06,1.95
2008-06-09,2.07
2008-06-10,2.19
2008-06-11,2.13
2008-06-12,2.22
2008-06-13,2.24
2008-06-16,2.36
2008-06-17,2.27
2008-06-18,2.23
2008-06-19,2.23
2008-06-20,2.17
2008-06-23,2.26
2008-06-24,2.20
2008-06-25,2.17
2008-06-26,2.11
2008-06-27,2.07
2008-06-30,2.12
2008-07-01,2.08
2008-07-02,2.05
2008-07-03,2.04
2008-07-04,.
2008-07-07,2.05
2008-07-08,2.04
2008-07-09,2.00
2008-07-10,1.96
2008-07-11,1.96
2008-07-14,1.91
2008-07-15,1.86
2008-07-16,1.84
2008-07-17,1.87
2008-07-18,1.86
2008-07-21,1.89
2008-07-22,1.90
2008-07-23,1.86
2008-07-24,1.85
2008-07-25,1.90
2008-07-28,1.88
2008-07-29,1.91
2008-07-30,1.85
2008-07-31,1.84
2008-08-01,1.83
2008-08-04,1.93
2008-08-05,1.92
2008-08-06,1.87
2008-08-07,1.87
2008-08-08,1.90
2008-08-11,2.00
2008-08-12,2.00
2008-08-13,1.95
2008-08-14,1.95
2008-08-15,1.94
2008-08-18,1.98
2008-08-19,1.92
2008-08-20,1.86
2008-08-21,1.90
2008-08-22,1.92
2008-08-25,1.92
2008-08-26,1.90
2008-08-27,1.88
2008-08-28,1.93
2008-08-29,1.92
2008-09-01,.
2008-09-02,1.89
2008-09-03,1.86
2008-09-04,1.85
2008-09-05,1.86
2008-09-08,1.88
2008-09-09,1.85
2008-09-10,1.83
2008-09-11,1.81
2008-09-12,1.80
2008-09-15,1.52
2008-09-16,1.50
2008-09-17,1.02
2008-09-18,0.78
2008-09-19,1.51
2008-09-22,1.73
2008-09-23,1.61
2008-09-24,1.43
2008-09-25,1.54
2008-09-26,1.51
2008-09-29,1.46
2008-09-30,1.57
2008-10-01,1.46
2008-10-02,1.19
2008-10-03,1.11
2008-10-06,1.10
2008-10-07,1.12
2008-10-08,1.05
2008-10-09,1.05
2008-10-10,0.82
2008-10-13,.
2008-10-14,1.05
2008-10-15,0.90
2008-10-16,1.16
2008-10-17,1.22
2008-10-20,1.70
2008-10-21,1.58
2008-10-22,1.50
2008-10-23,1.48
2008-10-24,1.40
2008-10-27,1.34
2008-10-28,1.23
2008-10-29,1.08
2008-10-30,0.98
2008-10-31,0.92
2008-11-03,1.06
2008-11-04,1.02
2008-11-05,0.89
2008-11-06,0.82
2008-11-07,0.82
2008-11-10,0.91
2008-11-11,.
2008-11-12,0.74
2008-11-13,0.92
2008-11-14,0.88
2008-11-17,0.81
2008-11-18,0.76
2008-11-19,0.65
2008-11-20,0.51
2008-11-21,0.44
2008-11-24,0.54
2008-11-25,0.53
2008-11-26,0.48
2008-11-27,.
2008-11-28,0.43
2008-12-01,0.44
2008-12-02,0.42
2008-12-03,0.35
2008-12-04,0.26
2008-12-05,0.22
2008-12-08,0.28
2008-12-09,0.25
2008-12-10,0.21
2008-12-11,0.22
2008-12-12,0.21
2008-12-15,0.28
2008-12-16,0.23
2008-12-17,0.19
2008-12-18,0.15
2008-12-19,0.14
2008-12-22,0.27
2008-12-23,0.26
2008-12-24,0.23
2008-12-25,.
2008-12-26,0.23
2008-12-29,0.25
2008-12-30,0.26
2008-12-31,0.27
2009-01-01,.
2009-01-02,0.28
2009-01-05,0.32
2009-01-06,0.31
2009-01-07,0.29
2009-01-08,0.28
2009-01-09,0.28
2009-01-12,0.29
2009-01-13,0.29
2009-01-14,0.28
2009-01-15,0.29
2009-01-16,0.29
2009-01-19,.
2009-01-20,0.30
2009-01-21,0.30
2009-01-22,0.29
2009-01-23,0.30
2009-01-26,0.34
2009-01-27,0.32
2009-01-28,0.33
2009-01-29,0.35
2009-01-30,0.35
2009-02-02,0.39
2009-02-03,0.40
2009-02-04,0.40
2009-02-05,0.42
2009-02-06,0.43
2009-02-09,0.47
2009-02-10,0.44
2009-02-11,0.45
2009-02-12,0.42
2009-02-13,0.45
2009-02-16,.
2009-02-17,0.47
2009-02-18,0.49
2009-02-19,0.50
2009-02-20,0.47
2009-02-23,0.50
2009-02-24,0.49
2009-02-25,0.51
2009-02-26,0.46
2009-02-27,0.44
2009-03-02,0.44
2009-03-03,0.43
2009-03-04,0.43
2009-03-05,0.39
2009-03-06,0.38
2009-03-09,0.46
2009-03-10,0.46
2009-03-11,0.45
2009-03-12,0.44
2009-03-13,0.41
2009-03-16,0.45
2009-03-17,0.44
2009-03-18,0.39
2009-03-19,0.39
2009-03-20,0.40
2009-03-23,0.40
2009-03-24,0.41
2009-03-25,0.40
2009-03-26,0.38
2009-03-27,0.38
2009-03-30,0.41
2009-03-31,0.42
2009-04-01,0.40
2009-04-02,0.40
2009-04-03,0.41
2009-04-06,0.40
2009-04-07,0.39
2009-04-08,0.38
2009-04-09,0.38
2009-04-10,.
2009-04-13,0.37
2009-04-14,0.35
2009-04-15,0.33
2009-04-16,0.32
2009-04-17,0.35
2009-04-20,0.34
2009-04-21,0.34
2009-04-22,0.32
2009-04-23,0.30
2009-04-24,0.30
2009-04-27,0.30
2009-04-28,0.31
2009-04-29,0.28
2009-04-30,0.28
2009-05-01,0.30
2009-05-04,0.33
2009-05-05,0.33
2009-05-06,0.31
2009-05-07,0.31
2009-05-08,0.30
2009-05-11,0.30
2009-05-12,0.30
2009-05-13,0.29
2009-05-14,0.27
2009-05-15,0.28
2009-05-18,0.30
2009-05-19,0.29
2009-05-20,0.27
2009-05-21,0.29
2009-05-22,0.29
2009-05-25,.
2009-05-26,0.30
2009-05-27,0.29
2009-05-28,0.30
2009-05-29,0.29
2009-06-01,0.29
2009-06-02,0.27
2009-06-03,0.26
2009-06-04,0.27
2009-06-05,0.34
2009-06-08,0.35
2009-06-09,0.31
2009-06-10,0.31
2009-06-11,0.30
2009-06-12,0.28
2009-06-15,0.29
2009-06-16,0.30
2009-06-17,0.31
2009-06-18,0.33
2009-06-19,0.32
2009-06-22,0.34
2009-06-23,0.34
2009-06-24,0.32
2009-06-25,0.30
2009-06-26,0.30
2009-06-29,0.36
2009-06-30,0.35
2009-07-01,0.32
2009-07-02,0.31
2009-07-03,.
2009-07-06,0.28
2009-07-07,0.28
2009-07-08,0.26
2009-07-09,0.26
2009-07-10,0.25
2009-07-13,0.28
2009-07-14,0.28
2009-07-15,0.28
2009-07-16,0.27
2009-07-17,0.28
2009-07-20,0.28
2009-07-21,0.27
2009-07-22,0.27
2009-07-23,0.28
2009-07-24,0.28
2009-07-27,0.27
2009-07-28,0.26
2009-07-29,0.26
2009-07-30,0.26
2009-07-31,0.25
2009-08-03,0.28
2009-08-04,0.28
2009-08-05,0.28
2009-08-06,0.27
2009-08-07,0.29
2009-08-10,0.29
2009-08-11,0.28
2009-08-12,0.27
2009-08-13,0.27
2009-08-14,0.25
2009-08-17,0.27
2009-08-18,0.27
2009-08-19,0.25
2009-08-20,0.25
2009-08-21,0.25
2009-08-24,0.26
2009-08-25,0.26
2009-08-26,0.25
2009-08-27,0.25
2009-08-28,0.24
2009-08-31,0.24
2009-09-01,0.23
2009-09-02,0.22
2009-09-03,0.23
2009-09-04,0.23
2009-09-07,.
2009-09-08,0.24
2009-09-09,0.22
2009-09-10,0.21
2009-09-11,0.21
2009-09-14,0.21
2009-09-15,0.21
2009-09-16,0.20
2009-09-17,0.20
2009-09-18,0.20
2009-09-21,0.20
2009-09-22,0.20
2009-09-23,0.20
2009-09-24,0.19
2009-09-25,0.20
2009-09-28,0.18
2009-09-29,0.19
2009-09-30,0.18
2009-10-01,0.15
2009-10-02,0.15
2009-10-05,0.15
2009-10-06,0.15
2009-10-07,0.14
2009-10-08,0.15
2009-10-09,0.16
2009-10-12,.
2009-10-13,0.15
2009-10-14,0.15
2009-10-15,0.15
2009-10-16,0.17
2009-10-19,0.18
2009-10-20,0.17
2009-10-21,0.17
2009-10-22,0.15
2009-10-23,0.18
2009-10-26,0.18
2009-10-27,0.17
2009-10-28,0.17
2009-10-29,0.17
2009-10-30,0.16
2009-11-02,0.17
2009-11-03,0.17
2009-11-04,0.16
2009-11-05,0.16
2009-11-06,0.16
2009-11-09,0.17
2009-11-10,0.16
2009-11-11,.
2009-11-12,0.16
2009-11-13,0.17
2009-11-16,0.17
2009-11-17,0.16
2009-11-18,0.15
2009-11-19,0.14
2009-11-20,0.13
2009-11-23,0.14
2009-11-24,0.14
2009-11-25,0.14
2009-11-26,.
2009-11-27,0.14
2009-11-30,0.15
2009-12-01,0.15
2009-12-02,0.15
2009-12-03,0.16
2009-12-04,0.17
2009-12-07,0.16
2009-12-08,0.15
2009-12-09,0.14
2009-12-10,0.15
2009-12-11,0.16
2009-12-14,0.16
2009-12-15,0.17
2009-12-16,0.17
2009-12-17,0.15
2009-12-18,0.16
2009-12-21,0.17
2009-12-22,0.18
2009-12-23,0.17
2009-12-24,0.18
2009-12-25,.
2009-12-28,0.20
2009-12-29,0.20
2009-12-30,0.19
2009-12-31,0.20
2010-01-01,.
2010-01-04,0.18
2010-01-05,0.17
2010-01-06,0.15
2010-01-07,0.16
2010-01-08,0.15
2010-01-11,0.13
2010-01-12,0.14
2010-01-13,0.15
2010-01-14,0.14
2010-01-15,0.15
2010-01-18,.
2010-01-19,0.14
2010-01-20,0.14
2010-01-21,0.14
2010-01-22,0.14
2010-01-25,0.14
2010-01-26,0.14
2010-01-27,0.16
2010-01-28,0.15
2010-01-29,0.15
2010-02-01,0.17
2010-02-02,0.17
2010-02-03,0.17
2010-02-04,0.16
2010-02-05,0.17
2010-02-08,0.17
2010-02-09,0.18
2010-02-10,0.19
2010-02-11,0.18
2010-02-12,0.18
2010-02-15,.
2010-02-16,0.18
2010-02-17,0.18
2010-02-18,0.18
2010-02-19,0.20
2010-02-22,0.19
2010-02-23,0.20
2010-02-24,0.19
2010-02-25,0.19
2010-02-26,0.19
2010-03-01,0.19
2010-03-02,0.19
2010-03-03,0.19
2010-03-04,0.19
2010-03-05,0.20
2010-03-08,0.21
2010-03-09,0.21
2010-03-10,0.21
2010-03-11,0.22
2010-03-12,0.23
2010-03-15,0.24
2010-03-16,0.24
2010-03-17,0.23
2010-03-18,0.25
2010-03-19,0.24
2010-03-22,0.24
2010-03-23,0.23
2010-03-24,0.23
2010-03-25,0.24
2010-03-26,0.24
2010-03-29,0.24
2010-03-30,0.24
2010-03-31,0.24
2010-04-01,0.24
2010-04-02,0.25
2010-04-05,0.27
2010-04-06,0.26
2010-04-07,0.25
2010-04-08,0.24
2010-04-09,0.24
2010-04-12,0.24
2010-04-13,0.24
2010-04-14,0.24
2010-04-15,0.23
2010-04-16,0.23
2010-04-19,0.23
2010-04-20,0.24
2010-04-21,0.23
2010-04-22,0.24
2010-04-23,0.25
2010-04-26,0.25
2010-04-27,0.24
2010-04-28,0.24
2010-04-29,0.23
2010-04-30,0.24
2010-05-03,0.25
2010-05-04,0.24
2010-05-05,0.22
2010-05-06,0.16
2010-05-07,0.20
2010-05-10,0.22
2010-05-11,0.23
2010-05-12,0.22
2010-05-13,0.22
2010-05-14,0.22
2010-05-17,0.23
2010-05-18,0.23
2010-05-19,0.23
2010-05-20,0.22
2010-05-21,0.23
2010-05-24,0.23
2010-05-25,0.22
2010-05-26,0.23
2010-05-27,0.23
2010-05-28,0.22
2010-05-31,.
2010-06-01,0.23
2010-06-02,0.22
2010-06-03,0.22
2010-06-04,0.22
2010-06-07,0.21
2010-06-08,0.19
2010-06-09,0.17
2010-06-10,0.18
2010-06-11,0.16
2010-06-14,0.15
2010-06-15,0.16
2010-06-16,0.17
2010-06-17,0.16
2010-06-18,0.17
2010-06-21,0.17
2010-06-22,0.18
2010-06-23,0.19
2010-06-24,0.19
2010-06-25,0.20
2010-06-28,0.22
2010-06-29,0.22
2010-06-30,0.22
2010-07-01,0.22
2010-07-02,0.22
2010-07-05,.
2010-07-06,0.21
2010-07-07,0.20
2010-07-08,0.19
2010-07-09,0.20
2010-07-12,0.20
2010-07-13,0.20
2010-07-14,0.19
2010-07-15,0.20
2010-07-16,0.19
2010-07-19,0.20
2010-07-20,0.19
2010-07-21,0.19
2010-07-22,0.20
2010-07-23,0.20
2010-07-26,0.20
2010-07-27,0.21
2010-07-28,0.20
2010-07-29,0.20
2010-07-30,0.20
2010-08-02,0.20
2010-08-03,0.20
2010-08-04,0.20
2010-08-05,0.19
2010-08-06,0.19
2010-08-09,0.19
2010-08-10,0.19
2010-08-11,0.19
2010-08-12,0.18
2010-08-13,0.19
2010-08-16,0.19
2010-08-17,0.19
2010-08-18,0.19
2010-08-19,0.19
2010-08-20,0.19
2010-08-23,0.19
2010-08-24,0.20
2010-08-25,0.19
2010-08-26,0.19
2010-08-27,0.19
2010-08-30,0.19
2010-08-31,0.19
2010-09-01,0.19
2010-09-02,0.18
2010-09-03,0.19
2010-09-06,.
2010-09-07,0.18
2010-09-08,0.19
2010-09-09,0.19
2010-09-10,0.19
2010-09-13,0.19
2010-09-14,0.20
2010-09-15,0.20
2010-09-16,0.20
2010-09-17,0.20
2010-09-20,0.20
2010-09-21,0.20
2010-09-22,0.19
2010-09-23,0.20
2010-09-24,0.19
2010-09-27,0.19
2010-09-28,0.20
2010-09-29,0.20
2010-09-30,0.19
2010-10-01,0.19
2010-10-04,0.19
2010-10-05,0.18
2010-10-06,0.17
2010-10-07,0.17
2010-10-08,0.16
2010-10-11,.
2010-10-12,0.17
2010-10-13,0.18
2010-10-14,0.17
2010-10-15,0.17
2010-10-18,0.18
2010-10-19,0.18
2010-10-20,0.17
2010-10-21,0.18
2010-10-22,0.18
2010-10-25,0.18
2010-10-26,0.18
2010-10-27,0.18
2010-10-28,0.18
2010-10-29,0.17
2010-11-01,0.16
2010-11-02,0.16
2010-11-03,0.16
2010-11-04,0.17
2010-11-05,0.16
2010-11-08,0.16
2010-11-09,0.16
2010-11-10,0.16
2010-11-11,.
2010-11-12,0.17
2010-11-15,0.19
2010-11-16,0.19
2010-11-17,0.19
2010-11-18,0.19
2010-11-19,0.19
2010-11-22,0.20
2010-11-23,0.20
2010-11-24,0.20
2010-11-25,.
2010-11-26,0.21
2010-11-29,0.21
2010-11-30,0.21
2010-12-01,0.20
2010-12-02,0.19
2010-12-03,0.19
2010-12-06,0.19
2010-12-07,0.19
2010-12-08,0.18
2010-12-09,0.18
2010-12-10,0.18
2010-12-13,0.19
2010-12-14,0.20
2010-12-15,0.20
2010-12-16,0.19
2010-12-17,0.18
2010-12-20,0.19
2010-12-21,0.19
2010-12-22,0.20
2010-12-23,0.19
2010-12-24,.
2010-12-27,0.22
2010-12-28,0.21
2010-12-29,0.20
2010-12-30,0.20
2010-12-31,0.19
2011-01-03,0.19
2011-01-04,0.19
2011-01-05,0.19
2011-01-06,0.18
2011-01-07,0.18
2011-01-10,0.18
2011-01-11,0.19
2011-01-12,0.18
2011-01-13,0.18
2011-01-14,0.18
2011-01-17,.
2011-01-18,0.19
2011-01-19,0.19
2011-01-20,0.19
2011-01-21,0.19
2011-01-24,0.18
2011-01-25,0.18
2011-01-26,0.18
2011-01-27,0.17
2011-01-28,0.15
2011-01-31,0.17
2011-02-01,0.18
2011-02-02,0.18
2011-02-03,0.18
2011-02-04,0.18
2011-02-07,0.18
2011-02-08,0.18
2011-02-09,0.18
2011-02-10,0.16
2011-02-11,0.16
2011-02-14,0.17
2011-02-15,0.17
2011-02-16,0.16
2011-02-17,0.15
2011-02-18,0.15
2011-02-21,.
2011-02-22,0.16
2011-02-23,0.16
2011-02-24,0.16
2011-02-25,0.16
2011-02-28,0.18
2011-03-01,0.16
2011-03-02,0.17
2011-03-03,0.16
2011-03-04,0.16
2011-03-07,0.16
2011-03-08,0.16
2011-03-09,0.15
2011-03-10,0.14
2011-03-11,0.13
2011-03-14,0.14
2011-03-15,0.14
2011-03-16,0.14
2011-03-17,0.14
2011-03-18,0.14
2011-03-21,0.16
2011-03-22,0.16
2011-03-23,0.15
2011-03-24,0.17
2011-03-25,0.17
2011-03-28,0.18
2011-03-29,0.17
2011-03-30,0.17
2011-03-31,0.17
2011-04-01,0.15
2011-04-04,0.13
2011-04-05,0.15
2011-04-06,0.14
2011-04-07,0.12
2011-04-08,0.12
2011-04-11,0.12
2011-04-12,0.11
2011-04-13,0.11
2011-04-14,0.13
2011-04-15,0.12
2011-04-18,0.11
2011-04-19,0.11
2011-04-20,0.11
2011-04-21,0.11
2011-04-22,.
2011-04-25,0.12
2011-04-26,0.11
2011-04-27,0.11
2011-04-28,0.10
2011-04-29,0.11
2011-05-02,0.10
2011-05-03,0.09
2011-05-04,0.07
2011-05-05,0.07
2011-05-06,0.07
2011-05-09,0.07
2011-05-10,0.07
2011-05-11,0.07
2011-05-12,0.07
2011-05-13,0.08
2011-05-16,0.07
2011-05-17,0.07
2011-05-18,0.08
2011-05-19,0.10
2011-05-20,0.10
2011-05-23,0.10
2011-05-24,0.11
2011-05-25,0.10
2011-05-26,0.10
2011-05-27,0.11
2011-05-30,.
2011-05-31,0.12
2011-06-01,0.11
2011-06-02,0.11
2011-06-03,0.10
2011-06-06,0.10
2011-06-07,0.11
2011-06-08,0.11
2011-06-09,0.10
2011-06-10,0.10
2011-06-13,0.11
2011-06-14,0.11
2011-06-15,0.11
2011-06-16,0.11
2011-06-17,0.10
2011-06-20,0.10
2011-06-21,0.10
2011-06-22,0.09
2011-06-23,0.07
2011-06-24,0.07
2011-06-27,0.10
2011-06-28,0.11
2011-06-29,0.11
2011-06-30,0.10
2011-07-01,0.10
2011-07-04,.
2011-07-05,0.08
2011-07-06,0.06
2011-07-07,0.07
2011-07-08,0.07
2011-07-11,0.07
2011-07-12,0.07
2011-07-13,0.05
2011-07-14,0.05
2011-07-15,0.05
2011-07-18,0.06
2011-07-19,0.07
2011-07-20,0.08
2011-07-21,0.09
2011-07-22,0.09
2011-07-25,0.10
2011-07-26,0.11
2011-07-27,0.12
2011-07-28,0.13
2011-07-29,0.16
2011-08-01,0.16
2011-08-02,0.13
2011-08-03,0.08
2011-08-04,0.05
2011-08-05,0.05
2011-08-08,0.07
2011-08-09,0.06
2011-08-10,0.06
2011-08-11,0.08
2011-08-12,0.07
2011-08-15,0.08
2011-08-16,0.07
2011-08-17,0.06
2011-08-18,0.05
2011-08-19,0.04
2011-08-22,0.04
2011-08-23,0.04
2011-08-24,0.04
2011-08-25,0.03
2011-08-26,0.02
2011-08-29,0.05
2011-08-30,0.05
2011-08-31,0.05
2011-09-01,0.05
2011-09-02,0.05
2011-09-05,.
2011-09-06,0.07
2011-09-07,0.06
2011-09-08,0.07
2011-09-09,0.05
2011-09-12,0.05
2011-09-13,0.05
2011-09-14,0.03
2011-09-15,0.03
2011-09-16,0.02
2011-09-19,0.04
2011-09-20,0.03
2011-09-21,0.04
2011-09-22,0.03
2011-09-23,0.02
2011-09-26,0.03
2011-09-27,0.04
2011-09-28,0.04
2011-09-29,0.05
2011-09-30,0.06
2011-10-03,0.06
2011-10-04,0.04
2011-10-05,0.03
2011-10-06,0.03
2011-10-07,0.04
2011-10-10,.
2011-10-11,0.05
2011-10-12,0.06
2011-10-13,0.05
2011-10-14,0.06
2011-10-17,0.06
2011-10-18,0.07
2011-10-19,0.06
2011-10-20,0.06
2011-10-21,0.05
2011-10-24,0.06
2011-10-25,0.06
2011-10-26,0.06
2011-10-27,0.07
2011-10-28,0.06
2011-10-31,0.06
2011-11-01,0.05
2011-11-02,0.04
2011-11-03,0.04
2011-11-04,0.03
2011-11-07,0.04
2011-11-08,0.03
2011-11-09,0.04
2011-11-10,0.03
2011-11-11,.
2011-11-14,0.04
2011-11-15,0.05
2011-11-16,0.04
2011-11-17,0.04
2011-11-18,0.04
2011-11-21,0.05
2011-11-22,0.06
2011-11-23,0.06
2011-11-24,.
2011-11-25,0.07
2011-11-28,0.07
2011-11-29,0.05
2011-11-30,0.06
2011-12-01,0.05
2011-12-02,0.06
2011-12-05,0.05
2011-12-06,0.04
2011-12-07,0.05
2011-12-08,0.04
2011-12-09,0.05
2011-12-12,0.05
2011-12-13,0.06
2011-12-14,0.05
2011-12-15,0.05
2011-12-16,0.04
2011-12-19,0.04
2011-12-20,0.04
2011-12-21,0.04
2011-12-22,0.03
2011-12-23,0.04
2011-12-26,.
2011-12-27,0.06
2011-12-28,0.05
2011-12-29,0.07
2011-12-30,0.06
2012-01-02,.
2012-01-03,0.06
2012-01-04,0.06
2012-01-05,0.07
2012-01-06,0.05
2012-01-09,0.05
2012-01-10,0.05
2012-01-11,0.05
2012-01-12,0.06
2012-01-13,0.06
2012-01-16,.
2012-01-17,0.06
2012-01-18,0.07
2012-01-19,0.07
2012-01-20,0.07
2012-01-23,0.07
2012-01-24,0.07
2012-01-25,0.07
2012-01-26,0.08
2012-01-27,0.08
2012-01-30,0.08
2012-01-31,0.08
2012-02-01,0.09
2012-02-02,0.10
2012-02-03,0.10
2012-02-06,0.10
2012-02-07,0.11
2012-02-08,0.11
2012-02-09,0.12
2012-02-10,0.12
2012-02-13,0.14
2012-02-14,0.15
2012-02-15,0.13
2012-02-16,0.13
2012-02-17,0.13
2012-02-20,.
2012-02-21,0.13
2012-02-22,0.13
2012-02-23,0.14
2012-02-24,0.14
2012-02-27,0.14
2012-02-28,0.14
2012-02-29,0.13
2012-03-01,0.13
2012-03-02,0.12
2012-03-05,0.14
2012-03-06,0.13
2012-03-07,0.14
2012-03-08,0.14
2012-03-09,0.13
2012-03-12,0.15
2012-03-13,0.15
2012-03-14,0.15
2012-03-15,0.15
2012-03-16,0.15
2012-03-19,0.15
2012-03-20,0.15
2012-03-21,0.15
2012-03-22,0.14
2012-03-23,0.14
2012-03-26,0.15
2012-03-27,0.14
2012-03-28,0.14
2012-03-29,0.14
2012-03-30,0.15
2012-04-02,0.14
2012-04-03,0.15
2012-04-04,0.14
2012-04-05,0.14
2012-04-06,0.14
2012-04-09,0.15
2012-04-10,0.15
2012-04-11,0.14
2012-04-12,0.14
2012-04-13,0.13
2012-04-16,0.14
2012-04-17,0.13
2012-04-18,0.13
2012-04-19,0.12
2012-04-20,0.13
2012-04-23,0.13
2012-04-24,0.14
2012-04-25,0.14
2012-04-26,0.15
2012-04-27,0.14
2012-04-30,0.15
2012-05-01,0.15
2012-05-02,0.15
2012-05-03,0.15
2012-05-04,0.14
2012-05-07,0.15
2012-05-08,0.15
2012-05-09,0.15
2012-05-10,0.15
2012-05-11,0.15
2012-05-14,0.15
2012-05-15,0.15
2012-05-16,0.15
2012-05-17,0.16
2012-05-18,0.15
2012-05-21,0.14
2012-05-22,0.14
2012-05-23,0.13
2012-05-24,0.14
2012-05-25,0.14
2012-05-28,.
2012-05-29,0.14
2012-05-30,0.13
2012-05-31,0.14
2012-06-01,0.12
2012-06-04,0.13
2012-06-05,0.14
2012-06-06,0.13
2012-06-07,0.14
2012-06-08,0.14
2012-06-11,0.15
2012-06-12,0.15
2012-06-13,0.15
2012-06-14,0.15
2012-06-15,0.15
2012-06-18,0.15
2012-06-19,0.14
2012-06-20,0.16
2012-06-21,0.15
2012-06-22,0.15
2012-06-25,0.16
2012-06-26,0.15
2012-06-27,0.17
2012-06-28,0.17
2012-06-29,0.16
2012-07-02,0.15
2012-07-03,0.15
2012-07-04,.
2012-07-05,0.15
2012-07-06,0.15
2012-07-09,0.14
2012-07-10,0.15
2012-07-11,0.15
2012-07-12,0.15
2012-07-13,0.15
2012-07-16,0.14
2012-07-17,0.14
2012-07-18,0.14
2012-07-19,0.14
2012-07-20,0.14
2012-07-23,0.14
2012-07-24,0.15
2012-07-25,0.14
2012-07-26,0.15
2012-07-27,0.15
2012-07-30,0.15
2012-07-31,0.14
2012-08-01,0.14
2012-08-02,0.14
2012-08-03,0.14
2012-08-06,0.14
2012-08-07,0.14
2012-08-08,0.14
2012-08-09,0.15
2012-08-10,0.14
2012-08-13,0.15
2012-08-14,0.15
2012-08-15,0.14
2012-08-16,0.14
2012-08-17,0.14
2012-08-20,0.14
2012-08-21,0.14
2012-08-22,0.13
2012-08-23,0.13
2012-08-24,0.13
2012-08-27,0.14
2012-08-28,0.15
2012-08-29,0.14
2012-08-30,0.14
2012-08-31,0.14
2012-09-03,.
2012-09-04,0.14
2012-09-05,0.14
2012-09-06,0.14
2012-09-07,0.14
2012-09-10,0.14
2012-09-11,0.14
2012-09-12,0.13
2012-09-13,0.13
2012-09-14,0.13
2012-09-17,0.13
2012-09-18,0.13
2012-09-19,0.14
2012-09-20,0.14
2012-09-21,0.14
2012-09-24,0.14
2012-09-25,0.15
2012-09-26,0.13
2012-09-27,0.14
2012-09-28,0.14
2012-10-01,0.14
2012-10-02,0.14
2012-10-03,0.14
2012-10-04,0.14
2012-10-05,0.15
2012-10-08,.
2012-10-09,0.15
2012-10-10,0.15
2012-10-11,0.14
2012-10-12,0.15
2012-10-15,0.15
2012-10-16,0.15
2012-10-17,0.15
2012-10-18,0.15
2012-10-19,0.14
2012-10-22,0.15
2012-10-23,0.15
2012-10-24,0.16
2012-10-25,0.16
2012-10-26,0.15
2012-10-29,0.16
2012-10-30,.
2012-10-31,0.16
2012-11-01,0.15
2012-11-02,0.15
2012-11-05,0.15
2012-11-06,0.15
2012-11-07,0.14
2012-11-08,0.15
2012-11-09,0.15
2012-11-12,.
2012-11-13,0.15
2012-11-14,0.15
2012-11-15,0.14
2012-11-16,0.13
2012-11-19,0.14
2012-11-20,0.14
2012-11-21,0.14
2012-11-22,.
2012-11-23,0.14
2012-11-26,0.15
2012-11-27,0.15
2012-11-28,0.14
2012-11-29,0.15
2012-11-30,0.13
2012-12-03,0.14
2012-12-04,0.15
2012-12-05,0.14
2012-12-06,0.14
2012-12-07,0.14
2012-12-10,0.14
2012-12-11,0.13
2012-12-12,0.10
2012-12-13,0.11
2012-12-14,0.09
2012-12-17,0.10
2012-12-18,0.12
2012-12-19,0.10
2012-12-20,0.10
2012-12-21,0.12
2012-12-24,0.11
2012-12-25,.
2012-12-26,0.13
2012-12-27,0.12
2012-12-28,0.10
2012-12-31,0.11
2013-01-01,.
2013-01-02,0.12
2013-01-03,0.12
2013-01-04,0.11
2013-01-07,0.11
2013-01-08,0.11
2013-01-09,0.09
2013-01-10,0.10
2013-01-11,0.10
2013-01-14,0.11
2013-01-15,0.11
2013-01-16,0.11
2013-01-17,0.11
2013-01-18,0.10
2013-01-21,.
2013-01-22,0.10
2013-01-23,0.10
2013-01-24,0.10
2013-01-25,0.11
2013-01-28,0.11
2013-01-29,0.11
2013-01-30,0.11
2013-01-31,0.12
2013-02-01,0.11
2013-02-04,0.11
2013-02-05,0.11
2013-02-06,0.12
2013-02-07,0.11
2013-02-08,0.11
2013-02-11,0.12
2013-02-12,0.12
2013-02-13,0.12
2013-02-14,0.13
2013-02-15,0.13
2013-02-18,.
2013-02-19,0.13
2013-02-20,0.13
2013-02-21,0.13
2013-02-22,0.14
2013-02-25,0.14
2013-02-26,0.14
2013-02-27,0.13
2013-02-28,0.13
2013-03-01,0.12
2013-03-04,0.12
2013-03-05,0.12
2013-03-06,0.12
2013-03-07,0.11
2013-03-08,0.11
2013-03-11,0.12
2013-03-12,0.12
2013-03-13,0.12
2013-03-14,0.12
2013-03-15,0.11
2013-03-18,0.11
2013-03-19,0.11
2013-03-20,0.11
2013-03-21,0.11
2013-03-22,0.11
2013-03-25,0.11
2013-03-26,0.11
2013-03-27,0.12
2013-03-28,0.11
2013-03-29,.
2013-04-01,0.11
2013-04-02,0.11
2013-04-03,0.10
2013-04-04,0.10
2013-04-05,0.10
2013-04-08,0.10
2013-04-09,0.10
2013-04-10,0.10
2013-04-11,0.10
2013-04-12,0.09
2013-04-15,0.09
2013-04-16,0.09
2013-04-17,0.09
2013-04-18,0.09
2013-04-19,0.09
2013-04-22,0.09
2013-04-23,0.09
2013-04-24,0.09
2013-04-25,0.08
2013-04-26,0.09
2013-04-29,0.08
2013-04-30,0.09
2013-05-01,0.08
2013-05-02,0.08
2013-05-03,0.08
2013-05-06,0.08
2013-05-07,0.08
2013-05-08,0.08
2013-05-09,0.08
2013-05-10,0.08
2013-05-13,0.08
2013-05-14,0.09
2013-05-15,0.09
2013-05-16,0.08
2013-05-17,0.08
2013-05-20,0.09
2013-05-21,0.09
2013-05-22,0.08
2013-05-23,0.08
2013-05-24,0.07
2013-05-27,.
2013-05-28,0.09
2013-05-29,0.08
2013-05-30,0.07
2013-05-31,0.07
2013-06-03,0.08
2013-06-04,0.08
2013-06-05,0.08
2013-06-06,0.08
2013-06-07,0.07
2013-06-10,0.08
2013-06-11,0.08
2013-06-12,0.08
2013-06-13,0.08
2013-06-14,0.08
2013-06-17,0.08
2013-06-18,0.08
2013-06-19,0.08
2013-06-20,0.09
2013-06-21,0.09
2013-06-24,0.11
2013-06-25,0.11
2013-06-26,0.11
2013-06-27,0.11
2013-06-28,0.10
2013-07-01,0.09
2013-07-02,0.08
2013-07-03,0.08
2013-07-04,.
2013-07-05,0.08
2013-07-08,0.07
2013-07-09,0.08
2013-07-10,0.08
2013-07-11,0.07
2013-07-12,0.07
2013-07-15,0.07
2013-07-16,0.07
2013-07-17,0.08
2013-07-18,0.07
2013-07-19,0.07
2013-07-22,0.07
2013-07-23,0.07
2013-07-24,0.07
2013-07-25,0.06
2013-07-26,0.07
2013-07-29,0.07
2013-07-30,0.07
2013-07-31,0.08
2013-08-01,0.08
2013-08-02,0.07
2013-08-05,0.08
2013-08-06,0.08
2013-08-07,0.08
2013-08-08,0.07
2013-08-09,0.07
2013-08-12,0.08
2013-08-13,0.08
2013-08-14,0.07
2013-08-15,0.08
2013-08-16,0.08
2013-08-19,0.08
2013-08-20,0.07
2013-08-21,0.07
2013-08-22,0.06
2013-08-23,0.06
2013-08-26,0.07
2013-08-27,0.07
2013-08-28,0.07
2013-08-29,0.06
2013-08-30,0.05
2013-09-02,.
2013-09-03,0.05
2013-09-04,0.05
2013-09-05,0.06
2013-09-06,0.05
2013-09-09,0.04
2013-09-10,0.04
2013-09-11,0.05
2013-09-12,0.02
2013-09-13,0.02
2013-09-16,0.04
2013-09-17,0.04
2013-09-18,0.04
2013-09-19,0.03
2013-09-20,0.05
2013-09-23,0.05
2013-09-24,0.05
2013-09-25,0.05
2013-09-26,0.03
2013-09-27,0.03
2013-09-30,0.04
2013-10-01,0.04
2013-10-02,0.05
2013-10-03,0.05
2013-10-04,0.04
2013-10-07,0.06
2013-10-08,0.09
2013-10-09,0.08
2013-10-10,0.07
2013-10-11,0.07
2013-10-14,.
2013-10-15,0.16
2013-10-16,0.11
2013-10-17,0.08
2013-10-18,0.08
2013-10-21,0.07
2013-10-22,0.07
2013-10-23,0.07
2013-10-24,0.07
2013-10-25,0.08
2013-10-28,0.08
2013-10-29,0.08
2013-10-30,0.09
2013-10-31,0.08
2013-11-01,0.08
2013-11-04,0.09
2013-11-05,0.08
2013-11-06,0.09
2013-11-07,0.09
2013-11-08,0.09
2013-11-11,.
2013-11-12,0.10
2013-11-13,0.10
2013-11-14,0.10
2013-11-15,0.10
2013-11-18,0.10
2013-11-19,0.10
2013-11-20,0.11
2013-11-21,0.10
2013-11-22,0.10
2013-11-25,0.11
2013-11-26,0.11
2013-11-27,0.11
2013-11-28,.
2013-11-29,0.11
2013-12-02,0.10
2013-12-03,0.10
2013-12-04,0.10
2013-12-05,0.10
2013-12-06,0.10
2013-12-09,0.10
2013-12-10,0.10
2013-12-11,0.10
2013-12-12,0.09
2013-12-13,0.09
2013-12-16,0.09
2013-12-17,0.09
2013-12-18,0.10
2013-12-19,0.09
2013-12-20,0.09
2013-12-23,0.09
2013-12-24,0.09
2013-12-25,.
2013-12-26,0.09
2013-12-27,0.09
2013-12-30,0.10
2013-12-31,0.10
2014-01-01,.
2014-01-02,0.09
2014-01-03,0.10
2014-01-06,0.08
2014-01-07,0.08
2014-01-08,0.08
2014-01-09,0.06
2014-01-10,0.06
2014-01-13,0.06
2014-01-14,0.06
2014-01-15,0.06
2014-01-16,0.07
2014-01-17,0.07
2014-01-20,.
2014-01-21,0.07
2014-01-22,0.07
2014-01-23,0.05
2014-01-24,0.06
2014-01-27,0.07
2014-01-28,0.07
2014-01-29,0.07
2014-01-30,0.06
2014-01-31,0.06
2014-02-03,0.07
2014-02-04,0.07
2014-02-05,0.07
2014-02-06,0.08
2014-02-07,0.09
2014-02-10,0.10
2014-02-11,0.10
2014-02-12,0.09
2014-02-13,0.08
2014-02-14,0.07
2014-02-17,.
2014-02-18,0.08
2014-02-19,0.09
2014-02-20,0.08
2014-02-21,0.08
2014-02-24,0.08
2014-02-25,0.08
2014-02-26,0.08
2014-02-27,0.07
2014-02-28,0.08
2014-03-03,0.08
2014-03-04,0.08
2014-03-05,0.09
2014-03-06,0.08
2014-03-07,0.09
2014-03-10,0.08
2014-03-11,0.08
2014-03-12,0.08
2014-03-13,0.08
2014-03-14,0.08
2014-03-17,0.08
2014-03-18,0.07
2014-03-19,0.09
2014-03-20,0.09
2014-03-21,0.08
2014-03-24,0.08
2014-03-25,0.08
2014-03-26,0.07
2014-03-27,0.06
2014-03-28,0.06
2014-03-31,0.07
2014-04-01,0.06
2014-04-02,0.06
2014-04-03,0.05
2014-04-04,0.05
2014-04-07,0.06
2014-04-08,0.06
2014-04-09,0.05
2014-04-10,0.06
2014-04-11,0.06
2014-04-14,0.06
2014-04-15,0.05
2014-04-16,0.05
2014-04-17,0.05
2014-04-18,.
2014-04-21,0.06
2014-04-22,0.06
2014-04-23,0.05
2014-04-24,0.04
2014-04-25,0.04
2014-04-28,0.05
2014-04-29,0.05
2014-04-30,0.05
2014-05-01,0.05
2014-05-02,0.05
2014-05-05,0.05
2014-05-06,0.05
2014-05-07,0.05
2014-05-08,0.05
2014-05-09,0.05
2014-05-12,0.05
2014-05-13,0.05
2014-05-14,0.05
2014-05-15,0.05
2014-05-16,0.05
2014-05-19,0.05
2014-05-20,0.06
2014-05-21,0.06
2014-05-22,0.05
2014-05-23,0.05
2014-05-26,.
2014-05-27,0.06
2014-05-28,0.05
2014-05-29,0.05
2014-05-30,0.06
2014-06-02,0.06
2014-06-03,0.06
2014-06-04,0.06
2014-06-05,0.06
2014-06-06,0.06
2014-06-09,0.06
2014-06-10,0.06
2014-06-11,0.06
2014-06-12,0.07
2014-06-13,0.07
2014-06-16,0.07
2014-06-17,0.07
2014-06-18,0.06
2014-06-19,0.05
2014-06-20,0.04
2014-06-23,0.06
2014-06-24,0.06
2014-06-25,0.05
2014-06-26,0.06
2014-06-27,0.06
2014-06-30,0.07
2014-07-01,0.06
2014-07-02,0.06
2014-07-03,0.06
2014-07-04,.
2014-07-07,0.06
2014-07-08,0.06
2014-07-09,0.06
2014-07-10,0.06
2014-07-11,0.07
2014-07-14,0.06
2014-07-15,0.06
2014-07-16,0.06
2014-07-17,0.06
2014-07-18,0.05
2014-07-21,0.06
2014-07-22,0.07
2014-07-23,0.05
2014-07-24,0.06
2014-07-25,0.06
2014-07-28,0.06
2014-07-29,0.06
2014-07-30,0.06
2014-07-31,0.05
2014-08-01,0.05
2014-08-04,0.06
2014-08-05,0.05
2014-08-06,0.05
2014-08-07,0.04
2014-08-08,0.05
2014-08-11,0.05
2014-08-12,0.05
2014-08-13,0.06
2014-08-14,0.06
2014-08-15,0.05
2014-08-18,0.05
2014-08-19,0.05
2014-08-20,0.06
2014-08-21,0.06
2014-08-22,0.06
2014-08-25,0.05
2014-08-26,0.05
2014-08-27,0.05
2014-08-28,0.05
2014-08-29,0.05
2014-09-01,.
2014-09-02,0.05
2014-09-03,0.05
2014-09-04,0.05
2014-09-05,0.05
2014-09-08,0.05
2014-09-09,0.05
2014-09-10,0.05
2014-09-11,0.05
2014-09-12,0.05
2014-09-15,0.05
2014-09-16,0.04
2014-09-17,0.05
2014-09-18,0.04
2014-09-19,0.04
2014-09-22,0.04
2014-09-23,0.04
2014-09-24,0.03
2014-09-25,0.03
2014-09-26,0.03
2014-09-29,0.05
2014-09-30,0.03
2014-10-01,0.04
2014-10-02,0.03
2014-10-03,0.03
2014-10-06,0.05
2014-10-07,0.04
2014-10-08,0.05
2014-10-09,0.05
2014-10-10,0.04
2014-10-13,.
2014-10-14,0.04
2014-10-15,0.05
2014-10-16,0.05
2014-10-17,0.05
2014-10-20,0.06
2014-10-21,0.06
2014-10-22,0.06
2014-10-23,0.06
2014-10-24,0.06
2014-10-27,0.06
2014-10-28,0.05
2014-10-29,0.07
2014-10-30,0.06
2014-10-31,0.05
2014-11-03,0.07
2014-11-04,0.06
2014-11-05,0.07
2014-11-06,0.06
2014-11-07,0.06
2014-11-10,0.07
2014-11-11,.
2014-11-12,0.07
2014-11-13,0.08
2014-11-14,0.07
2014-11-17,0.07
2014-11-18,0.07
2014-11-19,0.07
2014-11-20,0.07
2014-11-21,0.07
2014-11-24,0.08
2014-11-25,0.07
2014-11-26,0.07
2014-11-27,.
2014-11-28,0.07
2014-12-01,0.08
2014-12-02,0.08
2014-12-03,0.07
2014-12-04,0.08
2014-12-05,0.08
2014-12-08,0.10
2014-12-09,0.11
2014-12-10,0.10
2014-12-11,0.09
2014-12-12,0.09
2014-12-15,0.11
2014-12-16,0.11
2014-12-17,0.11
2014-12-18,0.12
2014-12-19,0.11
2014-12-22,0.16
2014-12-23,0.14
2014-12-24,0.14
2014-12-25,.
2014-12-26,0.10
2014-12-29,0.12
2014-12-30,0.12
2014-12-31,0.12
2015-01-01,.
2015-01-02,0.11
2015-01-05,0.10
2015-01-06,0.10
2015-01-07,0.09
2015-01-08,0.08
2015-01-09,0.08
2015-01-12,0.09
2015-01-13,0.08
2015-01-14,0.09
2015-01-15,0.08
2015-01-16,0.07
2015-01-19,.
2015-01-20,0.08
2015-01-21,0.08
2015-01-22,0.08
2015-01-23,0.07
2015-01-26,0.08
2015-01-27,0.08
2015-01-28,0.08
2015-01-29,0.07
2015-01-30,0.07
2015-02-02,0.07
2015-02-03,0.07
2015-02-04,0.06
2015-02-05,0.06
2015-02-06,0.07
2015-02-09,0.08
2015-02-10,0.08
2015-02-11,0.07
2015-02-12,0.07
2015-02-13,0.07
2015-02-16,.
2015-02-17,0.07
2015-02-18,0.07
2015-02-19,0.07
2015-02-20,0.07
2015-02-23,0.08
2015-02-24,0.08
2015-02-25,0.07
2015-02-26,0.07
2015-02-27,0.07
2015-03-02,0.08
2015-03-03,0.08
2015-03-04,0.08
2015-03-05,0.08
2015-03-06,0.08
2015-03-09,0.10
2015-03-10,0.10
2015-03-11,0.10
2015-03-12,0.10
2015-03-13,0.11
2015-03-16,0.15
2015-03-17,0.15
2015-03-18,0.12
2015-03-19,0.12
2015-03-20,0.11
2015-03-23,0.11
2015-03-24,0.11
2015-03-25,0.11
2015-03-26,0.13
2015-03-27,0.12
2015-03-30,0.14
2015-03-31,0.14
2015-04-01,0.12
2015-04-02,0.10
2015-04-03,0.10
2015-04-06,0.10
2015-04-07,0.10
2015-04-08,0.10
2015-04-09,0.10
2015-04-10,0.09
2015-04-13,0.11
2015-04-14,0.10
2015-04-15,0.08
2015-04-16,0.08
2015-04-17,0.08
2015-04-20,0.10
2015-04-21,0.09
2015-04-22,0.10
2015-04-23,0.09
2015-04-24,0.10
2015-04-27,0.10
2015-04-28,0.09
2015-04-29,0.07
2015-04-30,0.06
2015-05-01,0.05
2015-05-04,0.08
2015-05-05,0.08
2015-05-06,0.08
2015-05-07,0.08
2015-05-08,0.08
2015-05-11,0.09
2015-05-12,0.09
2015-05-13,0.09
2015-05-14,0.08
2015-05-15,0.09
2015-05-18,0.08
2015-05-19,0.07
2015-05-20,0.08
2015-05-21,0.07
2015-05-22,0.08
2015-05-25,.
2015-05-26,0.09
2015-05-27,0.09
2015-05-28,0.08
2015-05-29,0.06
2015-06-01,0.07
2015-06-02,0.07
2015-06-03,0.07
2015-06-04,0.08
2015-06-05,0.08
2015-06-08,0.09
2015-06-09,0.08
2015-06-10,0.10
2015-06-11,0.10
2015-06-12,0.10
2015-06-15,0.11
2015-06-16,0.11
2015-06-17,0.10
2015-06-18,0.08
2015-06-19,0.05
2015-06-22,0.08
2015-06-23,0.09
2015-06-24,0.08
2015-06-25,0.07
2015-06-26,0.08
2015-06-29,0.11
2015-06-30,0.11
2015-07-01,0.13
2015-07-02,0.10
2015-07-03,.
2015-07-06,0.09
2015-07-07,0.08
2015-07-08,0.08
2015-07-09,0.08
2015-07-10,0.09
2015-07-13,0.10
2015-07-14,0.10
2015-07-15,0.11
2015-07-16,0.10
2015-07-17,0.11
2015-07-20,0.14
2015-07-21,0.13
2015-07-22,0.13
2015-07-23,0.13
2015-07-24,0.13
2015-07-27,0.15
2015-07-28,0.14
2015-07-29,0.14
2015-07-30,0.15
2015-07-31,0.14
2015-08-03,0.17
2015-08-04,0.18
2015-08-05,0.19
2015-08-06,0.19
2015-08-07,0.22
2015-08-10,0.24
2015-08-11,0.23
2015-08-12,0.22
2015-08-13,0.23
2015-08-14,0.24
2015-08-17,0.24
2015-08-18,0.25
2015-08-19,0.22
2015-08-20,0.21
2015-08-21,0.20
2015-08-24,0.20
2015-08-25,0.19
2015-08-26,0.20
2015-08-27,0.21
2015-08-28,0.24
2015-08-31,0.27
2015-09-01,0.26
2015-09-02,0.25
2015-09-03,0.24
2015-09-04,0.23
2015-09-07,.
2015-09-08,0.27
2015-09-09,0.26
2015-09-10,0.25
2015-09-11,0.24
2015-09-14,0.26
2015-09-15,0.27
2015-09-16,0.24
2015-09-17,0.16
2015-09-18,0.10
2015-09-21,0.11
2015-09-22,0.10
2015-09-23,0.09
2015-09-24,0.09
2015-09-25,0.07
2015-09-28,0.10
2015-09-29,0.09
2015-09-30,0.08
2015-10-01,0.08
2015-10-02,0.06
2015-10-05,0.06
2015-10-06,0.07
2015-10-07,0.08
2015-10-08,0.07
2015-10-09,0.07
2015-10-12,.
2015-10-13,0.08
2015-10-14,0.08
2015-10-15,0.08
2015-10-16,0.07
2015-10-19,0.12
2015-10-20,0.12
2015-10-21,0.12
2015-10-22,0.11
2015-10-23,0.13
2015-10-26,0.16
2015-10-27,0.18
2015-10-28,0.21
2015-10-29,0.21
2015-10-30,0.22
2015-11-02,0.27
2015-11-03,0.26
2015-11-04,0.27
2015-11-05,0.27
2015-11-06,0.31
2015-11-09,0.34
2015-11-10,0.34
2015-11-11,.
2015-11-12,0.34
2015-11-13,0.30
2015-11-16,0.33
2015-11-17,0.34
2015-11-18,0.31
2015-11-19,0.30
2015-11-20,0.30
2015-11-23,0.35
2015-11-24,0.36
2015-11-25,0.38
2015-11-26,.
2015-11-27,0.37
2015-11-30,0.42
2015-12-01,0.41
2015-12-02,0.41
2015-12-03,0.44
2015-12-04,0.48
2015-12-07,0.56
2015-12-08,0.57
2015-12-09,0.52
2015-12-10,0.54
2015-12-11,0.51
2015-12-14,0.53
2015-12-15,0.53
2015-12-16,0.50
2015-12-17,0.47
2015-12-18,0.46
2015-12-21,0.50
2015-12-22,0.46
2015-12-23,0.46
2015-12-24,0.48
2015-12-25,.
2015-12-28,0.50
2015-12-29,0.49
2015-12-30,0.46
2015-12-31,0.48
2016-01-01,.
2016-01-04,0.48
2016-01-05,0.48
2016-01-06,0.46
2016-01-07,0.45
2016-01-08,0.44
2016-01-11,0.47
2016-01-12,0.46
2016-01-13,0.45
2016-01-14,0.42
2016-01-15,0.36
2016-01-18,.
2016-01-19,0.37
2016-01-20,0.34
2016-01-21,0.37
2016-01-22,0.40
2016-01-25,0.42
2016-01-26,0.44
2016-01-27,0.42
2016-01-28,0.44
2016-01-29,0.42
2016-02-01,0.46
2016-02-02,0.46
2016-02-03,0.45
2016-02-04,0.42
2016-02-05,0.44
2016-02-08,0.41
2016-02-09,0.42
2016-02-10,0.41
2016-02-11,0.38
2016-02-12,0.38
2016-02-15,.
2016-02-16,0.41
2016-02-17,0.42
2016-02-18,0.44
2016-02-19,0.45
2016-02-22,0.45
2016-02-23,0.46
2016-02-24,0.45
2016-02-25,0.45
2016-02-26,0.46
2016-02-29,0.49
2016-03-01,0.49
2016-03-02,0.47
2016-03-03,0.45
2016-03-04,0.46
2016-03-07,0.48
2016-03-08,0.47
2016-03-09,0.46
2016-03-10,0.49
2016-03-11,0.50
2016-03-14,0.51
2016-03-15,0.51
2016-03-16,0.46
2016-03-17,0.46
2016-03-18,0.43
2016-03-21,0.45
2016-03-22,0.45
2016-03-23,0.45
2016-03-24,0.45
2016-03-25,.
2016-03-28,0.48
2016-03-29,0.44
2016-03-30,0.38
2016-03-31,0.38
2016-04-01,0.39
2016-04-04,0.38
2016-04-05,0.36
2016-04-06,0.35
2016-04-07,0.35
2016-04-08,0.33
2016-04-11,0.34
2016-04-12,0.34
2016-04-13,0.35
2016-04-14,0.36
2016-04-15,0.36
2016-04-18,0.35
2016-04-19,0.36
2016-04-20,0.35
2016-04-21,0.36
2016-04-22,0.37
2016-04-25,0.40
2016-04-26,0.42
2016-04-27,0.39
2016-04-28,0.38
2016-04-29,0.39
2016-05-02,0.40
2016-05-03,0.39
2016-05-04,0.38
2016-05-05,0.38
2016-05-06,0.38
2016-05-09,0.37
2016-05-10,0.35
2016-05-11,0.36
2016-05-12,0.36
2016-05-13,0.37
2016-05-16,0.38
2016-05-17,0.39
2016-05-18,0.42
2016-05-19,0.42
2016-05-20,0.45
2016-05-23,0.47
2016-05-24,0.47
2016-05-25,0.46
2016-05-26,0.45
2016-05-27,0.46
2016-05-30,.
2016-05-31,0.48
2016-06-01,0.48
2016-06-02,0.47
2016-06-03,0.42
2016-06-06,0.43
2016-06-07,0.42
2016-06-08,0.42
2016-06-09,0.42
2016-06-10,0.41
2016-06-13,0.40
2016-06-14,0.40
2016-06-15,0.36
2016-06-16,0.35
2016-06-17,0.36
2016-06-20,0.41
2016-06-21,0.40
2016-06-22,0.39
2016-06-23,0.42
2016-06-24,0.37
2016-06-27,0.35
2016-06-28,0.35
2016-06-29,0.34
2016-06-30,0.35
2016-07-01,0.36
2016-07-04,.
2016-07-05,0.34
2016-07-06,0.35
2016-07-07,0.36
2016-07-08,0.35
2016-07-11,0.39
2016-07-12,0.39
2016-07-13,0.39
2016-07-14,0.40
2016-07-15,0.41
2016-07-18,0.43
2016-07-19,0.43
2016-07-20,0.43
2016-07-21,0.43
2016-07-22,0.43
2016-07-25,0.43
2016-07-26,0.42
2016-07-27,0.39
2016-07-28,0.38
2016-07-29,0.37
2016-08-01,0.39
2016-08-02,0.40
2016-08-03,0.41
2016-08-04,0.40
2016-08-05,0.44
2016-08-08,0.44
2016-08-09,0.43
2016-08-10,0.42
2016-08-11,0.44
2016-08-12,0.42
2016-08-15,0.45
2016-08-16,0.44
2016-08-17,0.45
2016-08-18,0.43
2016-08-19,0.43
2016-08-22,0.44
2016-08-23,0.44
2016-08-24,0.45
2016-08-25,0.45
2016-08-26,0.46
2016-08-29,0.48
2016-08-30,0.47
2016-08-31,0.46
2016-09-01,0.46
2016-09-02,0.44
2016-09-05,.
2016-09-06,0.45
2016-09-07,0.48
2016-09-08,0.49
2016-09-09,0.50
2016-09-12,0.53
2016-09-13,0.53
2016-09-14,0.51
2016-09-15,0.48
2016-09-16,0.49
2016-09-19,0.48
2016-09-20,0.49
2016-09-21,0.44
2016-09-22,0.39
2016-09-23,0.39
2016-09-26,0.42
2016-09-27,0.42
2016-09-28,0.44
2016-09-29,0.42
2016-09-30,0.44
2016-10-03,0.48
2016-10-04,0.47
2016-10-05,0.47
2016-10-06,0.45
2016-10-07,0.45
2016-10-10,.
2016-10-11,0.47
2016-10-12,0.48
2016-10-13,0.44
2016-10-14,0.45
2016-10-17,0.47
2016-10-18,0.47
2016-10-19,0.47
2016-10-20,0.47
2016-10-21,0.46
2016-10-24,0.46
2016-10-25,0.48
2016-10-26,0.48
2016-10-27,0.48
2016-10-28,0.48
2016-10-31,0.51
2016-11-01,0.50
2016-11-02,0.50
2016-11-03,0.51
2016-11-04,0.51
2016-11-07,0.53
2016-11-08,0.55
2016-11-09,0.55
2016-11-10,0.58
2016-11-11,.
2016-11-14,0.64
2016-11-15,0.60
2016-11-16,0.61
2016-11-17,0.60
2016-11-18,0.59
2016-11-21,0.59
2016-11-22,0.60
2016-11-23,0.62
2016-11-24,.
2016-11-25,0.61
2016-11-28,0.59
2016-11-29,0.59
2016-11-30,0.61
2016-12-01,0.59
2016-12-02,0.60
2016-12-05,0.62
2016-12-06,0.62
2016-12-07,0.62
2016-12-08,0.61
2016-12-09,0.63
2016-12-12,0.63
2016-12-13,0.65
2016-12-14,0.65
2016-12-15,0.64
2016-12-16,0.64
2016-12-19,0.64
2016-12-20,0.65
2016-12-21,0.64
2016-12-22,0.64
2016-12-23,0.64
2016-12-26,.
2016-12-27,0.65
2016-12-28,0.61
2016-12-29,0.61
2016-12-30,0.61
2017-01-02,.
2017-01-03,0.64
2017-01-04,0.62
2017-01-05,0.61
2017-01-06,0.60
2017-01-09,0.59
2017-01-10,0.59
2017-01-11,0.59
2017-01-12,0.58
2017-01-13,0.60
2017-01-16,.
2017-01-17,0.61
2017-01-18,0.62
2017-01-19,0.61
2017-01-20,0.61
2017-01-23,0.58
2017-01-24,0.61
2017-01-25,0.60
2017-01-26,0.61
2017-01-27,0.62
2017-01-30,0.62
2017-01-31,0.63
2017-02-01,0.64
2017-02-02,0.63
2017-02-03,0.62
2017-02-06,0.61
2017-02-07,0.62
2017-02-08,0.62
2017-02-09,0.63
2017-02-10,0.63
2017-02-13,0.62
2017-02-14,0.65
2017-02-15,0.66
2017-02-16,0.65
2017-02-17,0.65
2017-02-20,.
2017-02-21,0.68
2017-02-22,0.67
2017-02-23,0.65
2017-02-24,0.64
2017-02-27,0.67
2017-02-28,0.68
2017-03-01,0.78
2017-03-02,0.82
2017-03-03,0.82
2017-03-06,0.82
2017-03-07,0.85
2017-03-08,0.84
2017-03-09,0.86
2017-03-10,0.87
2017-03-13,0.91
2017-03-14,0.91
2017-03-15,0.87
2017-03-16,0.87
2017-03-17,0.85
2017-03-20,0.87
2017-03-21,0.89
2017-03-22,0.88
2017-03-23,0.88
2017-03-24,0.87
2017-03-27,0.89
2017-03-28,0.90
2017-03-29,0.90
2017-03-30,0.89
2017-03-31,0.89
2017-04-03,0.90
2017-04-04,0.90
2017-04-05,0.91
2017-04-06,0.92
2017-04-07,0.93
2017-04-10,0.95
2017-04-11,0.92
2017-04-12,0.93
2017-04-13,0.92
2017-04-14,.
2017-04-17,0.92
2017-04-18,0.92
2017-04-19,0.92
2017-04-20,0.91
2017-04-21,0.90
2017-04-24,0.94
2017-04-25,0.96
2017-04-26,0.97
2017-04-27,0.96
2017-04-28,0.97
2017-05-01,0.96
2017-05-02,0.97
2017-05-03,0.98
2017-05-04,0.98
2017-05-05,0.99
2017-05-08,1.00
2017-05-09,1.02
2017-05-10,1.02
2017-05-11,1.02
2017-05-12,1.01
2017-05-15,1.00
2017-05-16,1.02
2017-05-17,0.98
2017-05-18,1.00
2017-05-19,1.01
2017-05-22,1.03
2017-05-23,1.06
2017-05-24,1.05
2017-05-25,1.06
2017-05-26,1.06
2017-05-29,.
2017-05-30,1.05
2017-05-31,1.06
2017-06-01,1.05
2017-06-02,1.04
2017-06-05,1.04
2017-06-06,1.06
