DATE,DTWEXB
2007-06-04,103.8390
2007-06-05,103.8315
2007-06-06,103.9663
2007-06-07,104.1978
2007-06-08,104.6244
2007-06-11,104.5224
2007-06-12,104.5478
2007-06-13,104.7492
2007-06-14,104.7533
2007-06-15,104.4579
2007-06-18,104.3701
2007-06-19,104.1519
2007-06-20,104.1926
2007-06-21,104.4366
2007-06-22,104.2807
2007-06-25,104.3441
2007-06-26,104.3026
2007-06-27,104.3879
2007-06-28,104.0714
2007-06-29,103.9619
2007-07-02,103.4473
2007-07-03,103.4945
2007-07-04,.
2007-07-05,103.5633
2007-07-06,103.3878
2007-07-09,103.3750
2007-07-10,103.1186
2007-07-11,103.0646
2007-07-12,102.8927
2007-07-13,102.7717
2007-07-16,102.6659
2007-07-17,102.6790
2007-07-18,102.5668
2007-07-19,102.4895
2007-07-20,102.4727
2007-07-23,102.3963
2007-07-24,102.2508
2007-07-25,102.6662
2007-07-26,102.8588
2007-07-27,103.2736
2007-07-30,103.2995
2007-07-31,103.1525
2007-08-01,103.1409
2007-08-02,103.0516
2007-08-03,102.8475
2007-08-06,102.8454
2007-08-07,103.0551
2007-08-08,102.8655
2007-08-09,103.1935
2007-08-10,103.2962
2007-08-13,103.3803
2007-08-14,103.8051
2007-08-15,104.2629
2007-08-16,104.7048
2007-08-17,104.0948
2007-08-20,103.9813
2007-08-21,104.0478
2007-08-22,103.8722
2007-08-23,103.7676
2007-08-24,103.4737
2007-08-27,103.3851
2007-08-28,103.5869
2007-08-29,103.4778
2007-08-30,103.4859
2007-08-31,103.4232
2007-09-03,.
2007-09-04,103.4129
2007-09-05,103.3111
2007-09-06,103.1910
2007-09-07,103.0264
2007-09-10,102.9564
2007-09-11,102.6477
2007-09-12,102.3519
2007-09-13,102.3260
2007-09-14,102.4094
2007-09-17,102.5193
2007-09-18,102.3744
2007-09-19,101.8572
2007-09-20,101.0972
2007-09-21,101.1812
2007-09-24,101.0915
2007-09-25,101.0334
2007-09-26,101.1267
2007-09-27,101.0404
2007-09-28,100.6152
2007-10-01,100.5722
2007-10-02,100.8017
2007-10-03,100.7880
2007-10-04,100.8590
2007-10-05,100.4401
2007-10-08,.
2007-10-09,100.5566
2007-10-10,100.4087
2007-10-11,100.1776
2007-10-12,100.2895
2007-10-15,100.2414
2007-10-16,100.4081
2007-10-17,100.2180
2007-10-18,100.0015
2007-10-19,99.7966
2007-10-22,100.3441
2007-10-23,99.8806
2007-10-24,99.8997
2007-10-25,99.6453
2007-10-26,99.3112
2007-10-29,99.0685
2007-10-30,98.9770
2007-10-31,98.7974
2007-11-01,98.8268
2007-11-02,98.5746
2007-11-05,98.5672
2007-11-06,98.1734
2007-11-07,97.7382
2007-11-08,97.9046
2007-11-09,98.0701
2007-11-12,.
2007-11-13,98.6841
2007-11-14,98.5432
2007-11-15,99.0015
2007-11-16,98.8896
2007-11-19,99.0826
2007-11-20,98.8196
2007-11-21,98.8870
2007-11-22,.
2007-11-23,98.7617
2007-11-26,98.6674
2007-11-27,98.9272
2007-11-28,98.9587
2007-11-29,98.8808
2007-11-30,99.1178
2007-12-03,99.1596
2007-12-04,99.1626
2007-12-05,99.3417
2007-12-06,99.4092
2007-12-07,99.2235
2007-12-10,99.1521
2007-12-11,99.1800
2007-12-12,99.2094
2007-12-13,99.5962
2007-12-14,99.9186
2007-12-17,100.0558
2007-12-18,100.0680
2007-12-19,100.1222
2007-12-20,99.9727
2007-12-21,99.8735
2007-12-24,99.6755
2007-12-25,.
2007-12-26,99.4143
2007-12-27,99.1484
2007-12-28,98.8527
2007-12-31,99.0316
2008-01-01,.
2008-01-02,98.7295
2008-01-03,98.5815
2008-01-04,98.5731
2008-01-07,98.9014
2008-01-08,98.6673
2008-01-09,98.9812
2008-01-10,98.9186
2008-01-11,98.7980
2008-01-14,98.5277
2008-01-15,98.3962
2008-01-16,98.9233
2008-01-17,98.8969
2008-01-18,99.1632
2008-01-21,.
2008-01-22,99.1208
2008-01-23,99.1837
2008-01-24,98.4840
2008-01-25,98.4955
2008-01-28,98.2186
2008-01-29,98.1001
2008-01-30,98.0176
2008-01-31,97.8978
2008-02-01,97.7123
2008-02-04,97.7200
2008-02-05,98.3013
2008-02-06,98.2169
2008-02-07,98.6299
2008-02-08,98.4511
2008-02-11,98.4504
2008-02-12,98.1961
2008-02-13,98.3939
2008-02-14,98.1570
2008-02-15,98.1211
2008-02-18,.
2008-02-19,98.1278
2008-02-20,98.4152
2008-02-21,97.8826
2008-02-22,97.8589
2008-02-25,97.7257
2008-02-26,97.2862
2008-02-27,96.4885
2008-02-28,96.1556
2008-02-29,96.2879
2008-03-03,96.3527
2008-03-04,96.3974
2008-03-05,96.2464
2008-03-06,96.0250
2008-03-07,96.2393
2008-03-10,96.2624
2008-03-11,96.2855
2008-03-12,95.8482
2008-03-13,95.5050
2008-03-14,95.5506
2008-03-17,95.4249
2008-03-18,95.1984
2008-03-19,95.6353
2008-03-20,96.3626
2008-03-21,96.2406
2008-03-24,96.3569
2008-03-25,95.8591
2008-03-26,95.5614
2008-03-27,95.4597
2008-03-28,95.6269
2008-03-31,95.6604
2008-04-01,95.9998
2008-04-02,95.8936
2008-04-03,95.6640
2008-04-04,95.5191
2008-04-07,95.5940
2008-04-08,95.7172
2008-04-09,95.5479
2008-04-10,95.4552
2008-04-11,95.4559
2008-04-14,95.3081
2008-04-15,95.4375
2008-04-16,94.8787
2008-04-17,95.0841
2008-04-18,95.5670
2008-04-21,95.3048
2008-04-22,94.9257
2008-04-23,95.3518
2008-04-24,95.7109
2008-04-25,95.8521
2008-04-28,95.7835
2008-04-29,95.8709
2008-04-30,95.9158
2008-05-01,96.1340
2008-05-02,96.2487
2008-05-05,96.0736
2008-05-06,95.8716
2008-05-07,96.3887
2008-05-08,96.5048
2008-05-09,96.2933
2008-05-12,96.0958
2008-05-13,96.1982
2008-05-14,96.4563
2008-05-15,96.2622
2008-05-16,95.8394
2008-05-19,95.8702
2008-05-20,95.6257
2008-05-21,95.1970
2008-05-22,95.3609
2008-05-23,95.2282
2008-05-26,.
2008-05-27,95.4921
2008-05-28,95.5422
2008-05-29,95.6148
2008-05-30,95.5914
2008-06-02,95.6358
2008-06-03,95.8447
2008-06-04,96.1250
2008-06-05,96.1107
2008-06-06,95.8181
2008-06-09,95.9282
2008-06-10,96.4849
2008-06-11,96.2134
2008-06-12,96.6283
2008-06-13,96.7756
2008-06-16,96.4031
2008-06-17,96.1903
2008-06-18,96.1717
2008-06-19,96.0760
2008-06-20,95.8947
2008-06-23,96.2106
2008-06-24,95.9616
2008-06-25,96.0528
2008-06-26,95.6842
2008-06-27,95.6435
2008-06-30,95.7539
2008-07-01,95.8366
2008-07-02,95.4565
2008-07-03,95.8580
2008-07-04,.
2008-07-07,95.9434
2008-07-08,95.9312
2008-07-09,95.4828
2008-07-10,95.4396
2008-07-11,95.1426
2008-07-14,95.0391
2008-07-15,94.7767
2008-07-16,94.8214
2008-07-17,94.8559
2008-07-18,94.9950
2008-07-21,94.9590
2008-07-22,95.1203
2008-07-23,95.2120
2008-07-24,95.3300
2008-07-25,95.3163
2008-07-28,95.3911
2008-07-29,95.7320
2008-07-30,95.7459
2008-07-31,95.7911
2008-08-01,95.7625
2008-08-04,95.9926
2008-08-05,96.2582
2008-08-06,96.5347
2008-08-07,96.8183
2008-08-08,97.8514
2008-08-11,97.9953
2008-08-12,98.1465
2008-08-13,98.2351
2008-08-14,98.3015
2008-08-15,98.6802
2008-08-18,98.5490
2008-08-19,98.6046
2008-08-20,98.6356
2008-08-21,97.8516
2008-08-22,98.1776
2008-08-25,98.2806
2008-08-26,98.6263
2008-08-27,98.5750
2008-08-28,98.7743
2008-08-29,98.9757
2008-09-01,.
2008-09-02,99.7766
2008-09-03,99.8114
2008-09-04,100.1293
2008-09-05,100.2943
2008-09-08,100.5659
2008-09-09,100.5065
2008-09-10,101.0461
2008-09-11,101.4269
2008-09-12,100.3872
2008-09-15,100.7250
2008-09-16,101.0329
2008-09-17,101.0384
2008-09-18,100.7204
2008-09-19,100.0438
2008-09-22,99.1404
2008-09-23,99.1449
2008-09-24,99.5067
2008-09-25,99.5003
2008-09-26,99.7613
2008-09-29,100.4708
2008-09-30,101.3811
2008-10-01,101.5656
2008-10-02,102.4159
2008-10-03,102.5942
2008-10-06,104.1781
2008-10-07,104.5412
2008-10-08,106.0170
2008-10-09,105.5149
2008-10-10,106.9141
2008-10-13,.
2008-10-14,105.1591
2008-10-15,106.1084
2008-10-16,107.3407
2008-10-17,106.6917
2008-10-20,107.0706
2008-10-21,108.2881
2008-10-22,110.0507
2008-10-23,109.9198
2008-10-24,110.5749
2008-10-27,111.0844
2008-10-28,111.2097
2008-10-29,109.0336
2008-10-30,108.2284
2008-10-31,108.5861
2008-11-03,108.2485
2008-11-04,106.9072
2008-11-05,106.9652
2008-11-06,108.3895
2008-11-07,108.2282
2008-11-10,108.3918
2008-11-11,.
2008-11-12,109.9308
2008-11-13,110.5349
2008-11-14,109.7466
2008-11-17,109.9153
2008-11-18,110.2380
2008-11-19,110.7324
2008-11-20,112.0395
2008-11-21,112.4213
2008-11-24,110.4404
2008-11-25,109.7305
2008-11-26,110.1348
2008-11-27,.
2008-11-28,110.5379
2008-12-01,111.0540
2008-12-02,110.8716
2008-12-03,111.2648
2008-12-04,110.9404
2008-12-05,112.2875
2008-12-08,110.5559
2008-12-09,110.5170
2008-12-10,110.0462
2008-12-11,108.2682
2008-12-12,109.0461
2008-12-15,107.8725
2008-12-16,107.2580
2008-12-17,105.5881
2008-12-18,105.5726
2008-12-19,106.8012
2008-12-22,106.8901
2008-12-23,107.0220
2008-12-24,106.9573
2008-12-25,.
2008-12-26,106.9890
2008-12-29,106.6397
2008-12-30,107.0302
2008-12-31,107.3594
2009-01-01,.
2009-01-02,107.3386
2009-01-05,107.6878
2009-01-06,107.6092
2009-01-07,106.9126
2009-01-08,107.1651
2009-01-09,107.7146
2009-01-12,108.3794
2009-01-13,109.0878
2009-01-14,109.4909
2009-01-15,110.2066
2009-01-16,109.4582
2009-01-19,.
2009-01-20,110.4627
2009-01-21,110.6862
2009-01-22,110.4589
2009-01-23,110.7426
2009-01-26,109.7052
2009-01-27,109.9228
2009-01-28,109.3247
2009-01-29,110.1135
2009-01-30,110.9023
2009-02-02,111.3026
2009-02-03,110.6838
2009-02-04,110.7198
2009-02-05,110.7893
2009-02-06,110.5802
2009-02-09,109.8537
2009-02-10,110.5361
2009-02-11,111.0357
2009-02-12,111.3800
2009-02-13,111.1080
2009-02-16,.
2009-02-17,112.5959
2009-02-18,112.9011
2009-02-19,112.6668
2009-02-20,112.9915
2009-02-23,112.7207
2009-02-24,112.9826
2009-02-25,113.2873
2009-02-26,113.1975
2009-02-27,113.9250
2009-03-02,114.9457
2009-03-03,114.9935
2009-03-04,114.4655
2009-03-05,114.8026
2009-03-06,114.3764
2009-03-09,114.9395
2009-03-10,114.0207
2009-03-11,113.7169
2009-03-12,113.7523
2009-03-13,112.9962
2009-03-16,112.0530
2009-03-17,112.0616
2009-03-18,111.8430
2009-03-19,109.2984
2009-03-20,109.9622
2009-03-23,110.0181
2009-03-24,109.9562
2009-03-25,109.8766
2009-03-26,109.9697
2009-03-27,110.6661
2009-03-30,111.5724
2009-03-31,111.2284
2009-04-01,110.9706
2009-04-02,109.7234
2009-04-03,109.5203
2009-04-06,109.7701
2009-04-07,109.8447
2009-04-08,109.7740
2009-04-09,109.6371
2009-04-10,109.6071
2009-04-13,109.0246
2009-04-14,108.7714
2009-04-15,109.0389
2009-04-16,108.9129
2009-04-17,109.3843
2009-04-20,110.2285
2009-04-21,109.9871
2009-04-22,109.9061
2009-04-23,109.8145
2009-04-24,108.8416
2009-04-27,109.5463
2009-04-28,110.1316
2009-04-29,108.8466
2009-04-30,108.8946
2009-05-01,108.8268
2009-05-04,107.9573
2009-05-05,107.6589
2009-05-06,107.7178
2009-05-07,107.3494
2009-05-08,106.9449
2009-05-11,106.5519
2009-05-12,106.6217
2009-05-13,106.8147
2009-05-14,106.9376
2009-05-15,106.8907
2009-05-18,106.7623
2009-05-19,106.1106
2009-05-20,105.4316
2009-05-21,105.4795
2009-05-22,104.7720
2009-05-25,.
2009-05-26,104.9358
2009-05-27,104.9299
2009-05-28,105.0980
2009-05-29,104.2603
2009-06-01,103.8201
2009-06-02,103.6932
2009-06-03,104.0755
2009-06-04,104.2923
2009-06-05,105.0122
2009-06-08,105.6368
2009-06-09,104.9878
2009-06-10,105.1498
2009-06-11,104.5581
2009-06-12,104.8611
2009-06-15,105.7440
2009-06-16,105.2513
2009-06-17,105.6240
2009-06-18,105.1469
2009-06-19,105.0497
2009-06-22,105.8568
2009-06-23,105.5102
2009-06-24,105.2177
2009-06-25,105.6723
2009-06-26,105.1705
2009-06-29,105.2224
2009-06-30,105.3308
2009-07-01,104.6404
2009-07-02,105.2766
2009-07-03,.
2009-07-06,105.5519
2009-07-07,105.5656
2009-07-08,105.9152
2009-07-09,105.5701
2009-07-10,106.0363
2009-07-13,105.9968
2009-07-14,105.6640
2009-07-15,104.8185
2009-07-16,104.7307
2009-07-17,104.5940
2009-07-20,104.0858
2009-07-21,104.0308
2009-07-22,103.8692
2009-07-23,103.5537
2009-07-24,103.7099
2009-07-27,103.6785
2009-07-28,103.5676
2009-07-29,104.1654
2009-07-30,103.9054
2009-07-31,103.2817
2009-08-03,102.6937
2009-08-04,102.7821
2009-08-05,102.8430
2009-08-06,102.9743
2009-08-07,103.4971
2009-08-10,103.6275
2009-08-11,103.8867
2009-08-12,103.5823
2009-08-13,103.2651
2009-08-14,103.4804
2009-08-17,104.0992
2009-08-18,104.1031
2009-08-19,103.4362
2009-08-20,103.3640
2009-08-21,103.0312
2009-08-24,102.9497
2009-08-25,102.9335
2009-08-26,103.8524
2009-08-27,103.7876
2009-08-28,103.4609
2009-08-31,103.6235
2009-09-01,104.2041
2009-09-02,104.1501
2009-09-03,103.9558
2009-09-04,103.5832
2009-09-07,.
2009-09-08,102.7411
2009-09-09,102.6967
2009-09-10,102.7065
2009-09-11,102.3186
2009-09-14,102.6073
2009-09-15,102.4204
2009-09-16,101.8683
2009-09-17,101.7968
2009-09-18,102.0600
2009-09-21,102.2885
2009-09-22,101.8116
2009-09-23,101.9111
2009-09-24,102.3561
2009-09-25,102.4108
2009-09-28,102.3274
2009-09-29,102.6433
2009-09-30,102.0463
2009-10-01,102.4483
2009-10-02,102.5279
2009-10-05,102.1851
2009-10-06,101.4660
2009-10-07,101.6268
2009-10-08,101.0566
2009-10-09,101.1558
2009-10-12,.
2009-10-13,100.7075
2009-10-14,100.3755
2009-10-15,100.3401
2009-10-16,100.5583
2009-10-19,100.3707
2009-10-20,100.7124
2009-10-21,100.3272
2009-10-22,100.5636
2009-10-23,100.6614
2009-10-26,101.0004
2009-10-27,101.4524
2009-10-28,101.7153
2009-10-29,101.3960
2009-10-30,101.5122
2009-11-02,101.3427
2009-11-03,101.8018
2009-11-04,101.2794
2009-11-05,101.2518
2009-11-06,101.2687
2009-11-09,100.5797
2009-11-10,100.5610
2009-11-11,.
2009-11-12,100.8303
2009-11-13,100.4465
2009-11-16,100.0739
2009-11-17,100.5978
2009-11-18,100.1177
2009-11-19,100.6474
2009-11-20,100.8321
2009-11-23,100.3442
2009-11-24,100.4003
2009-11-25,99.8207
2009-11-26,.
2009-11-27,100.3497
2009-11-30,100.1836
2009-12-01,99.6725
2009-12-02,99.7282
2009-12-03,99.7449
2009-12-04,100.2170
2009-12-07,100.3789
2009-12-08,100.7665
2009-12-09,100.8279
2009-12-10,100.8308
2009-12-11,101.1043
2009-12-14,100.8339
2009-12-15,101.1688
2009-12-16,100.9762
2009-12-17,102.0368
2009-12-18,101.9700
2009-12-21,101.8475
2009-12-22,102.1172
2009-12-23,101.7702
2009-12-24,101.6892
2009-12-25,.
2009-12-28,101.5361
2009-12-29,101.7245
2009-12-30,101.9227
2009-12-31,101.7619
2010-01-01,.
2010-01-04,101.1818
2010-01-05,101.0172
2010-01-06,100.8879
2010-01-07,101.1554
2010-01-08,100.9347
2010-01-11,100.3722
2010-01-12,100.7315
2010-01-13,100.7863
2010-01-14,100.6413
2010-01-15,100.8046
2010-01-18,.
2010-01-19,101.0125
2010-01-20,101.7152
2010-01-21,101.6901
2010-01-22,101.9835
2010-01-25,101.9565
2010-01-26,102.3770
2010-01-27,102.3375
2010-01-28,102.3239
2010-01-29,102.8052
2010-02-01,102.7733
2010-02-02,102.4495
2010-02-03,102.6529
2010-02-04,103.1226
2010-02-05,103.6204
2010-02-08,103.3646
2010-02-09,103.0363
2010-02-10,103.1771
2010-02-11,103.0298
2010-02-12,102.9881
2010-02-15,.
2010-02-16,102.4930
2010-02-17,102.7091
2010-02-18,102.8638
2010-02-19,102.9451
2010-02-22,102.7125
2010-02-23,102.9297
2010-02-24,102.9189
2010-02-25,103.2776
2010-02-26,102.5750
2010-03-01,102.6849
2010-03-02,102.3755
2010-03-03,101.8894
2010-03-04,102.2992
2010-03-05,102.1641
2010-03-08,102.1281
2010-03-09,102.0802
2010-03-10,101.9249
2010-03-11,101.9418
2010-03-12,101.5599
2010-03-15,101.8553
2010-03-16,101.5093
2010-03-17,101.3675
2010-03-18,101.6547
2010-03-19,101.9315
2010-03-22,102.0356
2010-03-23,101.9077
2010-03-24,102.5312
2010-03-25,102.4878
2010-03-26,102.5777
2010-03-29,102.1918
2010-03-30,102.1624
2010-03-31,101.8181
2010-04-01,101.6018
2010-04-02,101.8255
2010-04-05,101.5933
2010-04-06,101.6544
2010-04-07,101.6514
2010-04-08,101.6279
2010-04-09,101.3771
2010-04-12,101.1539
2010-04-13,101.1911
2010-04-14,100.8530
2010-04-15,101.1069
2010-04-16,101.3954
2010-04-19,101.7292
2010-04-20,101.3426
2010-04-21,101.3464
2010-04-22,101.6181
2010-04-23,101.5602
2010-04-26,101.4110
2010-04-27,101.9503
2010-04-28,102.3628
2010-04-29,101.7832
2010-04-30,101.7134
2010-05-03,102.1108
2010-05-04,102.6726
2010-05-05,103.2675
2010-05-06,104.1494
2010-05-07,104.1383
2010-05-10,103.1575
2010-05-11,103.2857
2010-05-12,103.3909
2010-05-13,103.3152
2010-05-14,104.1441
2010-05-17,104.7563
2010-05-18,104.4020
2010-05-19,105.2733
2010-05-20,105.7369
2010-05-21,105.1072
2010-05-24,105.4566
2010-05-25,106.3819
2010-05-26,106.0183
2010-05-27,105.2103
2010-05-28,105.1159
2010-05-31,.
2010-06-01,105.4713
2010-06-02,105.4913
2010-06-03,105.3038
2010-06-04,105.9892
2010-06-07,106.3753
2010-06-08,106.2092
2010-06-09,105.7928
2010-06-10,105.4018
2010-06-11,105.4545
2010-06-14,104.7196
2010-06-15,104.6161
2010-06-16,104.4762
2010-06-17,104.3904
2010-06-18,104.1779
2010-06-21,103.6613
2010-06-22,103.9636
2010-06-23,104.3233
2010-06-24,104.4461
2010-06-25,104.3049
2010-06-28,104.1209
2010-06-29,104.8643
2010-06-30,104.8058
2010-07-01,104.6327
2010-07-02,104.4605
2010-07-05,.
2010-07-06,103.9541
2010-07-07,104.0139
2010-07-08,103.6201
2010-07-09,103.5154
2010-07-12,103.7774
2010-07-13,103.2381
2010-07-14,103.1749
2010-07-15,103.0442
2010-07-16,103.3084
2010-07-19,103.4221
2010-07-20,103.3643
2010-07-21,103.2686
2010-07-22,102.9457
2010-07-23,102.9822
2010-07-26,102.6003
2010-07-27,102.5887
2010-07-28,102.5939
2010-07-29,102.4373
2010-07-30,102.1291
2010-08-02,101.6436
2010-08-03,101.4671
2010-08-04,101.5660
2010-08-05,101.4721
2010-08-06,101.4104
2010-08-09,101.4867
2010-08-10,102.0205
2010-08-11,102.5699
2010-08-12,102.6996
2010-08-13,102.8675
2010-08-16,102.6219
2010-08-17,102.2322
2010-08-18,102.1715
2010-08-19,102.5014
2010-08-20,102.9867
2010-08-23,103.1017
2010-08-24,103.2087
2010-08-25,103.5112
2010-08-26,103.1386
2010-08-27,103.1351
2010-08-30,103.3726
2010-08-31,103.4934
2010-09-01,102.9076
2010-09-02,102.8546
2010-09-03,102.4686
2010-09-06,.
2010-09-07,102.8030
2010-09-08,102.5544
2010-09-09,102.4528
2010-09-10,102.4014
2010-09-13,101.7961
2010-09-14,101.3456
2010-09-15,101.6792
2010-09-16,101.6523
2010-09-17,101.6645
2010-09-20,101.4659
2010-09-21,101.3656
2010-09-22,100.7519
2010-09-23,100.7215
2010-09-24,100.3057
2010-09-27,100.1607
2010-09-28,100.0216
2010-09-29,99.8175
2010-09-30,99.9943
2010-10-01,99.4979
2010-10-04,99.6611
2010-10-05,99.2358
2010-10-06,98.8026
2010-10-07,98.9246
2010-10-08,98.7479
2010-10-11,.
2010-10-12,98.8569
2010-10-13,98.4052
2010-10-14,98.1362
2010-10-15,98.2716
2010-10-18,98.4475
2010-10-19,99.1269
2010-10-20,98.7464
2010-10-21,98.7240
2010-10-22,98.9832
2010-10-25,98.4955
2010-10-26,98.8682
2010-10-27,99.4146
2010-10-28,98.8809
2010-10-29,98.7110
2010-11-01,98.6635
2010-11-02,98.3135
2010-11-03,98.3425
2010-11-04,97.6129
2010-11-05,97.8703
2010-11-08,98.2202
2010-11-09,98.1522
2010-11-10,98.4993
2010-11-11,.
2010-11-12,98.7878
2010-11-15,99.0686
2010-11-16,99.7069
2010-11-17,99.5557
2010-11-18,99.2499
2010-11-19,99.2984
2010-11-22,99.2949
2010-11-23,100.0498
2010-11-24,99.8464
2010-11-25,.
2010-11-26,100.4593
2010-11-29,100.8325
2010-11-30,100.7729
2010-12-01,100.3051
2010-12-02,99.9016
2010-12-03,99.5141
2010-12-06,99.6273
2010-12-07,99.5832
2010-12-08,99.9854
2010-12-09,100.0186
2010-12-10,99.9203
2010-12-13,99.5440
2010-12-14,99.3984
2010-12-15,99.7306
2010-12-16,100.0214
2010-12-17,100.1644
2010-12-20,100.2652
2010-12-21,100.1186
2010-12-22,100.0091
2010-12-23,99.8721
2010-12-24,.
2010-12-27,99.7368
2010-12-28,99.5207
2010-12-29,99.3033
2010-12-30,99.0174
2010-12-31,.
2011-01-03,98.4525
2011-01-04,98.8484
2011-01-05,99.0762
2011-01-06,99.4608
2011-01-07,99.5628
2011-01-10,99.6141
2011-01-11,99.4039
2011-01-12,98.9440
2011-01-13,98.4388
2011-01-14,98.5664
2011-01-17,.
2011-01-18,98.3351
2011-01-19,98.2008
2011-01-20,98.6461
2011-01-21,98.2418
2011-01-24,98.0593
2011-01-25,98.2311
2011-01-26,98.0103
2011-01-27,98.0772
2011-01-28,98.3158
2011-01-31,98.2216
2011-02-01,97.6641
2011-02-02,97.5668
2011-02-03,97.7384
2011-02-04,97.8670
2011-02-07,97.8282
2011-02-08,97.5716
2011-02-09,97.9071
2011-02-10,98.1328
2011-02-11,98.3584
2011-02-14,98.3403
2011-02-15,98.3787
2011-02-16,98.1885
2011-02-17,97.8973
2011-02-18,97.6715
2011-02-21,.
2011-02-22,97.9521
2011-02-23,97.9019
2011-02-24,97.7238
2011-02-25,97.6494
2011-02-28,97.4388
2011-03-01,97.3230
2011-03-02,97.2233
2011-03-03,97.1099
2011-03-04,96.9605
2011-03-07,96.9685
2011-03-08,97.1096
2011-03-09,96.9955
2011-03-10,97.3467
2011-03-11,97.1585
2011-03-14,96.9878
2011-03-15,97.2566
2011-03-16,97.4298
2011-03-17,97.1135
2011-03-18,96.9889
2011-03-21,96.6646
2011-03-22,96.5214
2011-03-23,96.7833
2011-03-24,96.5029
2011-03-25,96.5966
2011-03-28,96.7437
2011-03-29,96.8370
2011-03-30,96.6701
2011-03-31,96.4556
2011-04-01,96.2351
2011-04-04,96.2590
2011-04-05,96.1881
2011-04-06,95.9445
2011-04-07,95.9823
2011-04-08,95.5862
2011-04-11,95.5428
2011-04-12,95.7381
2011-04-13,95.6372
2011-04-14,95.5073
2011-04-15,95.4257
2011-04-18,95.9128
2011-04-19,95.4997
2011-04-20,94.9755
2011-04-21,94.6051
2011-04-22,94.7637
2011-04-25,94.8098
2011-04-26,94.6695
2011-04-27,94.6471
2011-04-28,94.2192
2011-04-29,93.9612
2011-05-02,93.8762
2011-05-03,93.9937
2011-05-04,94.2432
2011-05-05,94.8533
2011-05-06,94.8116
2011-05-09,95.1777
2011-05-10,94.9918
2011-05-11,95.0642
2011-05-12,95.4317
2011-05-13,95.7586
2011-05-16,95.7055
2011-05-17,95.9933
2011-05-18,95.6461
2011-05-19,95.6158
2011-05-20,95.6412
2011-05-23,96.2656
2011-05-24,96.0310
2011-05-25,95.9962
2011-05-26,95.9205
2011-05-27,95.3112
2011-05-30,.
2011-05-31,95.0009
2011-06-01,94.9327
2011-06-02,95.1783
2011-06-03,94.7526
2011-06-06,94.7900
2011-06-07,94.7019
2011-06-08,94.8965
2011-06-09,94.9275
2011-06-10,95.3831
2011-06-13,95.4133
2011-06-14,95.0375
2011-06-15,95.6833
2011-06-16,96.0351
2011-06-17,95.5504
2011-06-20,95.5330
2011-06-21,95.1863
2011-06-22,95.1235
2011-06-23,95.7806
2011-06-24,95.8248
2011-06-27,95.8665
2011-06-28,95.5544
2011-06-29,95.1318
2011-06-30,94.7976
2011-07-01,94.6755
2011-07-04,.
2011-07-05,94.7406
2011-07-06,94.9930
2011-07-07,94.7892
2011-07-08,94.9104
2011-07-11,95.4057
2011-07-12,95.4877
2011-07-13,94.8849
2011-07-14,94.8326
2011-07-15,94.8375
2011-07-18,95.2749
2011-07-19,94.7638
2011-07-20,94.5906
2011-07-21,94.1513
2011-07-22,94.1529
2011-07-25,94.1022
2011-07-26,93.7571
2011-07-27,93.9978
2011-07-28,94.1065
2011-07-29,94.0138
2011-08-01,94.2965
2011-08-02,94.3313
2011-08-03,94.3579
2011-08-04,95.2337
2011-08-05,95.4225
2011-08-08,95.5106
2011-08-09,95.7307
2011-08-10,95.6860
2011-08-11,95.5911
2011-08-12,95.4324
2011-08-15,95.0011
2011-08-16,94.9443
2011-08-17,94.7944
2011-08-18,95.3792
2011-08-19,95.0958
2011-08-22,95.3360
2011-08-23,95.1550
2011-08-24,95.3765
2011-08-25,95.4906
2011-08-26,95.3094
2011-08-29,95.0807
2011-08-30,95.2318
2011-08-31,94.9884
2011-09-01,95.0697
2011-09-02,95.4021
2011-09-05,.
2011-09-06,96.3664
2011-09-07,96.1678
2011-09-08,96.3186
2011-09-09,97.1446
2011-09-12,97.4328
2011-09-13,97.5104
2011-09-14,97.7010
2011-09-15,97.3590
2011-09-16,97.4094
2011-09-19,98.2626
2011-09-20,98.2042
2011-09-21,98.6834
2011-09-22,100.4114
2011-09-23,100.0272
2011-09-26,100.1451
2011-09-27,99.2502
2011-09-28,99.3750
2011-09-29,99.6582
2011-09-30,100.3493
2011-10-03,100.8437
2011-10-04,101.2743
2011-10-05,100.6245
2011-10-06,100.2751
2011-10-07,99.5678
2011-10-10,.
2011-10-11,99.2195
2011-10-12,98.6422
2011-10-13,98.9749
2011-10-14,98.5309
2011-10-17,98.5532
2011-10-18,98.8972
2011-10-19,98.6267
2011-10-20,99.4313
2011-10-21,98.6356
2011-10-24,98.1803
2011-10-25,98.2395
2011-10-26,98.3710
2011-10-27,97.0622
2011-10-28,96.8944
2011-10-31,97.5049
2011-11-01,99.0192
2011-11-02,98.5480
2011-11-03,98.5906
2011-11-04,98.5798
2011-11-07,98.6567
2011-11-08,98.4441
2011-11-09,98.9531
2011-11-10,99.1436
2011-11-11,.
2011-11-14,98.9969
2011-11-15,99.3704
2011-11-16,99.3901
2011-11-17,99.4559
2011-11-18,99.6522
2011-11-21,100.2852
2011-11-22,100.3064
2011-11-23,101.0347
2011-11-24,.
2011-11-25,101.4591
2011-11-28,100.8373
2011-11-29,100.5422
2011-11-30,99.7880
2011-12-01,99.5104
2011-12-02,99.6261
2011-12-05,99.3894
2011-12-06,99.5695
2011-12-07,99.5257
2011-12-08,99.9521
2011-12-09,99.9125
2011-12-12,100.6359
2011-12-13,100.8487
2011-12-14,101.5096
2011-12-15,101.1951
2011-12-16,101.1008
2011-12-19,101.1580
2011-12-20,100.7360
2011-12-21,100.8146
2011-12-22,100.6811
2011-12-23,100.6692
2011-12-26,.
2011-12-27,100.7003
2011-12-28,101.1097
2011-12-29,101.0114
2011-12-30,100.6814
2012-01-02,.
2012-01-03,99.9983
2012-01-04,100.2760
2012-01-05,100.8177
2012-01-06,100.9544
2012-01-09,100.9832
2012-01-10,100.4893
2012-01-11,100.7867
2012-01-12,100.4511
2012-01-13,100.7487
2012-01-16,.
2012-01-17,100.2357
2012-01-18,99.9051
2012-01-19,99.5473
2012-01-20,99.5942
2012-01-23,99.2081
2012-01-24,99.4098
2012-01-25,99.4968
2012-01-26,98.6173
2012-01-27,98.4587
2012-01-30,98.6858
2012-01-31,98.7343
2012-02-01,98.2867
2012-02-02,98.0343
2012-02-03,98.0130
2012-02-06,97.9713
2012-02-07,97.7652
2012-02-08,97.7969
2012-02-09,97.7802
2012-02-10,98.2644
2012-02-13,98.0473
2012-02-14,98.3724
2012-02-15,98.3703
2012-02-16,98.5215
2012-02-17,98.4276
2012-02-20,.
2012-02-21,98.1963
2012-02-22,98.4202
2012-02-23,98.2856
2012-02-24,98.0894
2012-02-27,98.1476
2012-02-28,97.9922
2012-02-29,97.9393
2012-03-01,97.9887
2012-03-02,98.3299
2012-03-05,98.4806
2012-03-06,99.0238
2012-03-07,98.8859
2012-03-08,98.4680
2012-03-09,98.6310
2012-03-12,98.8817
2012-03-13,98.7638
2012-03-14,99.1791
2012-03-15,99.0172
2012-03-16,98.7643
2012-03-19,98.5292
2012-03-20,98.8510
2012-03-21,98.9223
2012-03-22,99.0344
2012-03-23,98.8369
2012-03-26,98.5622
2012-03-27,98.5098
2012-03-28,98.8227
2012-03-29,98.9584
2012-03-30,98.6740
2012-04-02,98.4653
2012-04-03,98.3978
2012-04-04,99.0436
2012-04-05,99.1086
2012-04-06,99.1616
2012-04-09,99.1984
2012-04-10,99.5048
2012-04-11,99.4034
2012-04-12,98.9998
2012-04-13,99.2705
2012-04-16,99.4637
2012-04-17,99.0011
2012-04-18,99.1818
2012-04-19,99.3349
2012-04-20,99.0651
2012-04-23,99.3398
2012-04-24,99.0768
2012-04-25,99.0191
2012-04-26,98.8982
2012-04-27,98.5848
2012-04-30,98.5658
2012-05-01,98.5606
2012-05-02,98.8454
2012-05-03,98.9241
2012-05-04,99.2840
2012-05-07,99.3290
2012-05-08,99.6617
2012-05-09,100.0256
2012-05-10,99.9735
2012-05-11,99.9963
2012-05-14,100.5465
2012-05-15,100.8229
2012-05-16,101.2132
2012-05-17,101.2532
2012-05-18,101.4284
2012-05-21,101.3744
2012-05-22,101.3870
2012-05-23,102.1850
2012-05-24,102.1124
2012-05-25,102.2765
2012-05-28,.
2012-05-29,102.2100
2012-05-30,102.6514
2012-05-31,103.0380
2012-06-01,103.0557
2012-06-04,102.8528
2012-06-05,102.9438
2012-06-06,102.3600
2012-06-07,102.1088
2012-06-08,102.5314
2012-06-11,102.3696
2012-06-12,102.4066
2012-06-13,102.1715
2012-06-14,102.1600
2012-06-15,101.8646
2012-06-18,101.9669
2012-06-19,101.3886
2012-06-20,101.5053
2012-06-21,101.9878
2012-06-22,102.2875
2012-06-25,102.5296
2012-06-26,102.3459
2012-06-27,102.2112
2012-06-28,102.3432
2012-06-29,101.2362
2012-07-02,101.2680
2012-07-03,100.9843
2012-07-04,.
2012-07-05,101.5378
2012-07-06,102.0288
2012-07-09,102.0267
2012-07-10,101.8737
2012-07-11,101.9290
2012-07-12,102.2591
2012-07-13,101.8950
2012-07-16,101.7199
2012-07-17,101.6817
2012-07-18,101.4210
2012-07-19,101.3719
2012-07-20,101.6909
2012-07-23,102.2785
2012-07-24,102.6167
2012-07-25,102.4038
2012-07-26,101.7149
2012-07-27,101.2814
2012-07-30,101.3949
2012-07-31,101.1565
2012-08-01,101.2042
2012-08-02,101.7390
2012-08-03,100.9294
2012-08-06,100.7352
2012-08-07,100.8216
2012-08-08,100.8456
2012-08-09,100.9088
2012-08-10,100.8277
2012-08-13,100.9145
2012-08-14,100.9375
2012-08-15,101.0187
2012-08-16,100.9253
2012-08-17,101.0568
2012-08-20,100.9736
2012-08-21,100.6483
2012-08-22,100.7690
2012-08-23,100.4250
2012-08-24,100.6010
2012-08-27,100.6481
2012-08-28,100.5452
2012-08-29,100.7349
2012-08-30,100.9716
2012-08-31,100.5155
2012-09-03,.
2012-09-04,100.5015
2012-09-05,100.4661
2012-09-06,100.2385
2012-09-07,99.6825
2012-09-10,99.6386
2012-09-11,99.3869
2012-09-12,99.3626
2012-09-13,99.2751
2012-09-14,98.4173
2012-09-17,98.5633
2012-09-18,98.7949
2012-09-19,98.7463
2012-09-20,99.0395
2012-09-21,98.8094
2012-09-24,99.1061
2012-09-25,98.8832
2012-09-26,99.2677
2012-09-27,99.0141
2012-09-28,99.0645
2012-10-01,98.9306
2012-10-02,98.8762
2012-10-03,99.0969
2012-10-04,98.7206
2012-10-05,98.5214
2012-10-08,.
2012-10-09,99.1055
2012-10-10,99.1190
2012-10-11,98.9701
2012-10-12,98.8964
2012-10-15,98.8602
2012-10-16,98.7520
2012-10-17,98.4235
2012-10-18,98.5681
2012-10-19,98.9780
2012-10-22,98.9697
2012-10-23,99.2727
2012-10-24,99.3134
2012-10-25,99.1990
2012-10-26,99.3173
2012-10-29,99.4935
2012-10-30,99.2473
2012-10-31,99.3239
2012-11-01,99.2934
2012-11-02,99.4538
2012-11-05,99.6536
2012-11-06,99.4647
2012-11-07,99.6112
2012-11-08,99.6984
2012-11-09,99.8385
2012-11-12,.
2012-11-13,99.8716
2012-11-14,99.9266
2012-11-15,100.0339
2012-11-16,100.1683
2012-11-19,99.7189
2012-11-20,99.7054
2012-11-21,99.8123
2012-11-22,.
2012-11-23,99.4219
2012-11-26,99.4278
2012-11-27,99.4134
2012-11-28,99.4892
2012-11-29,99.3638
2012-11-30,99.2551
2012-12-03,99.1645
2012-12-04,99.1264
2012-12-05,99.0970
2012-12-06,99.2221
2012-12-07,99.2048
2012-12-10,99.1229
2012-12-11,99.0177
2012-12-12,98.9580
2012-12-13,98.9549
2012-12-14,98.9031
2012-12-17,98.8148
2012-12-18,98.7045
2012-12-19,98.6734
2012-12-20,98.7819
2012-12-21,99.1309
2012-12-24,99.2165
2012-12-25,.
2012-12-26,99.2429
2012-12-27,99.2797
2012-12-28,99.2148
2012-12-31,99.2671
2013-01-01,.
2013-01-02,98.8702
2013-01-03,98.9773
2013-01-04,99.2813
2013-01-07,99.1576
2013-01-08,99.2234
2013-01-09,99.1691
2013-01-10,98.8048
2013-01-11,98.6939
2013-01-14,98.6420
2013-01-15,98.6643
2013-01-16,98.7287
2013-01-17,98.6660
2013-01-18,98.9855
2013-01-21,.
2013-01-22,98.9066
2013-01-23,98.9463
2013-01-24,99.0151
2013-01-25,99.1996
2013-01-28,99.3742
2013-01-29,99.0729
2013-01-30,99.0197
2013-01-31,98.9533
2013-02-01,98.8511
2013-02-04,99.1454
2013-02-05,99.0328
2013-02-06,99.1843
2013-02-07,99.4653
2013-02-08,99.4836
2013-02-11,99.7504
2013-02-12,99.5809
2013-02-13,99.5581
2013-02-14,99.6520
2013-02-15,99.7299
2013-02-18,.
2013-02-19,99.7817
2013-02-20,99.9174
2013-02-21,100.3043
2013-02-22,100.3708
2013-02-25,100.4290
2013-02-26,100.6556
2013-02-27,100.4597
2013-02-28,100.5103
2013-03-01,100.8282
2013-03-04,100.8563
2013-03-05,100.7097
2013-03-06,100.8051
2013-03-07,100.7592
2013-03-08,100.8340
2013-03-11,100.7491
2013-03-12,100.5911
2013-03-13,100.6824
2013-03-14,100.7032
2013-03-15,100.3728
2013-03-18,100.5899
2013-03-19,100.7712
2013-03-20,100.6559
2013-03-21,100.5869
2013-03-22,100.4650
2013-03-25,100.5568
2013-03-26,100.4808
2013-03-27,100.7027
2013-03-28,100.5188
2013-03-29,100.5565
2013-04-01,100.4253
2013-04-02,100.3898
2013-04-03,100.3560
2013-04-04,100.6680
2013-04-05,100.3877
2013-04-08,100.5131
2013-04-09,100.2427
2013-04-10,100.2258
2013-04-11,99.9724
2013-04-12,100.0677
2013-04-15,100.1923
2013-04-16,100.0717
2013-04-17,100.3612
2013-04-18,100.4063
2013-04-19,100.4434
2013-04-22,100.5941
2013-04-23,100.6197
2013-04-24,100.6858
2013-04-25,100.2696
2013-04-26,100.1284
2013-04-29,99.8723
2013-04-30,99.6081
2013-05-01,99.6741
2013-05-02,99.8485
2013-05-03,99.7387
2013-05-06,99.8672
2013-05-07,99.7261
2013-05-08,99.3735
2013-05-09,99.4857
2013-05-10,100.4570
2013-05-13,100.4875
2013-05-14,100.5721
2013-05-15,100.9813
2013-05-16,100.8861
2013-05-17,101.3582
2013-05-20,101.2263
2013-05-21,101.1390
2013-05-22,101.4666
2013-05-23,101.3947
2013-05-24,101.4562
2013-05-27,.
2013-05-28,101.7539
2013-05-29,101.7159
2013-05-30,101.6274
2013-05-31,101.8269
2013-06-03,101.3869
2013-06-04,101.5176
2013-06-05,101.4877
2013-06-06,101.0663
2013-06-07,100.8522
2013-06-10,101.2580
2013-06-11,101.0789
2013-06-12,100.7483
2013-06-13,100.6102
2013-06-14,100.4331
2013-06-17,100.5793
2013-06-18,100.8035
2013-06-19,100.7389
2013-06-20,102.4098
2013-06-21,102.7028
2013-06-24,102.8686
2013-06-25,102.6056
2013-06-26,102.6665
2013-06-27,102.5044
2013-06-28,102.5380
2013-07-01,102.3226
2013-07-02,102.6238
2013-07-03,102.7094
2013-07-04,.
2013-07-05,103.2779
2013-07-08,103.2136
2013-07-09,103.1475
2013-07-10,102.9628
2013-07-11,102.1588
2013-07-12,102.2149
2013-07-15,102.1820
2013-07-16,101.7238
2013-07-17,101.7473
2013-07-18,101.9061
2013-07-19,101.7049
2013-07-22,101.4611
2013-07-23,101.4008
2013-07-24,101.5633
2013-07-25,101.5430
2013-07-26,101.4244
2013-07-29,101.4266
2013-07-30,101.6514
2013-07-31,101.8251
2013-08-01,102.0504
2013-08-02,101.8267
2013-08-05,101.7406
2013-08-06,101.5585
2013-08-07,101.5100
2013-08-08,101.0897
2013-08-09,101.0887
2013-08-12,101.1704
2013-08-13,101.7361
2013-08-14,101.6505
2013-08-15,101.7715
2013-08-16,101.6917
2013-08-19,101.9552
2013-08-20,101.8468
2013-08-21,102.3298
2013-08-22,102.5600
2013-08-23,102.2212
2013-08-26,102.4578
2013-08-27,102.6865
2013-08-28,102.6979
2013-08-29,102.9091
2013-08-30,103.0227
2013-09-02,.
2013-09-03,103.2455
2013-09-04,102.8677
2013-09-05,103.2053
2013-09-06,102.5591
2013-09-09,102.3162
2013-09-10,102.2471
2013-09-11,102.0214
2013-09-12,101.8931
2013-09-13,101.9719
2013-09-16,101.5909
2013-09-17,101.5177
2013-09-18,101.5564
2013-09-19,100.6621
2013-09-20,100.8676
2013-09-23,100.8939
2013-09-24,101.0544
2013-09-25,101.0647
2013-09-26,101.2972
2013-09-27,101.2772
2013-09-30,101.2425
2013-10-01,101.2551
2013-10-02,101.0722
2013-10-03,101.0421
2013-10-04,100.9285
2013-10-07,100.9553
2013-10-08,101.0453
2013-10-09,101.3551
2013-10-10,101.1197
2013-10-11,101.1244
2013-10-14,.
2013-10-15,100.9964
2013-10-16,100.9160
2013-10-17,100.2627
2013-10-18,100.2303
2013-10-21,100.4848
2013-10-22,100.1976
2013-10-23,100.2975
2013-10-24,100.3888
2013-10-25,100.3541
2013-10-28,100.3829
2013-10-29,100.5044
2013-10-30,100.5098
2013-10-31,100.9573
2013-11-01,101.3904
2013-11-04,101.1754
2013-11-05,101.4592
2013-11-06,101.3404
2013-11-07,101.6460
2013-11-08,101.9044
2013-11-11,.
2013-11-12,102.0260
2013-11-13,101.7543
2013-11-14,101.6932
2013-11-15,101.5531
2013-11-18,101.2450
2013-11-19,101.3259
2013-11-20,101.5290
2013-11-21,101.8491
2013-11-22,101.6989
2013-11-25,101.8260
2013-11-26,101.8097
2013-11-27,101.9880
2013-11-28,.
2013-11-29,101.9382
2013-12-02,102.1892
2013-12-03,102.1301
2013-12-04,102.1956
2013-12-05,101.7861
2013-12-06,101.6772
2013-12-09,101.4011
2013-12-10,101.3380
2013-12-11,101.3559
2013-12-12,101.6964
2013-12-13,101.6320
2013-12-16,101.4982
2013-12-17,101.5727
2013-12-18,101.7045
2013-12-19,102.0389
2013-12-20,102.0250
2013-12-23,101.8811
2013-12-24,101.9863
2013-12-25,.
2013-12-26,102.0824
2013-12-27,102.0068
2013-12-30,101.7971
2013-12-31,101.8590
2014-01-01,.
2014-01-02,102.1103
2014-01-03,102.1548
2014-01-06,102.2205
2014-01-07,102.3396
2014-01-08,102.5153
2014-01-09,102.6219
2014-01-10,102.2769
2014-01-13,102.1548
2014-01-14,102.2840
2014-01-15,102.6096
2014-01-16,102.8309
2014-01-17,102.8671
2014-01-20,.
2014-01-21,102.9880
2014-01-22,103.1598
2014-01-23,103.1702
2014-01-24,103.1923
2014-01-27,103.2561
2014-01-28,103.2212
2014-01-29,103.2065
2014-01-30,103.4784
2014-01-31,103.5382
2014-02-03,103.6114
2014-02-04,103.3946
2014-02-05,103.3636
2014-02-06,103.0534
2014-02-07,103.0979
2014-02-10,103.0635
2014-02-11,102.9863
2014-02-12,102.9732
2014-02-13,102.8824
2014-02-14,102.6363
2014-02-17,.
2014-02-18,102.5705
2014-02-19,102.7644
2014-02-20,103.0535
2014-02-21,103.0297
2014-02-24,102.8097
2014-02-25,102.9155
2014-02-26,103.2120
2014-02-27,103.1222
2014-02-28,102.8555
2014-03-03,103.0763
2014-03-04,103.1185
2014-03-05,102.9244
2014-03-06,102.4346
2014-03-07,102.7033
2014-03-10,102.8321
2014-03-11,102.8513
2014-03-12,102.9306
2014-03-13,102.6533
2014-03-14,102.7204
2014-03-17,102.6943
2014-03-18,102.7720
2014-03-19,102.8790
2014-03-20,103.5496
2014-03-21,103.4122
2014-03-24,103.2731
2014-03-25,103.1549
2014-03-26,103.0579
2014-03-27,102.8787
2014-03-28,102.9109
2014-03-31,102.7788
2014-04-01,102.6357
2014-04-02,102.8309
2014-04-03,103.0416
2014-04-04,102.7456
2014-04-07,102.6225
2014-04-08,102.1750
2014-04-09,102.1842
2014-04-10,102.0372
2014-04-11,102.1599
2014-04-14,102.3483
2014-04-15,102.4997
2014-04-16,102.4897
2014-04-17,102.4285
2014-04-18,102.4996
2014-04-21,102.5825
2014-04-22,102.6511
2014-04-23,102.7164
2014-04-24,102.7139
2014-04-25,102.7586
2014-04-28,102.7247
2014-04-29,102.6219
2014-04-30,102.4924
2014-05-01,102.4728
2014-05-02,102.4168
2014-05-05,102.3125
2014-05-06,101.9957
2014-05-07,101.9927
2014-05-08,101.9193
2014-05-09,102.2056
2014-05-12,102.2119
2014-05-13,102.2137
2014-05-14,102.1208
2014-05-15,102.2371
2014-05-16,102.1418
2014-05-19,102.0334
2014-05-20,102.2064
2014-05-21,102.2888
2014-05-22,102.2243
2014-05-23,102.2355
2014-05-26,.
2014-05-27,102.3892
2014-05-28,102.4279
2014-05-29,102.2308
2014-05-30,102.3144
2014-06-02,102.5597
2014-06-03,102.6167
2014-06-04,102.6845
2014-06-05,102.5320
2014-06-06,102.4483
2014-06-09,102.4897
2014-06-10,102.5750
2014-06-11,102.4972
2014-06-12,102.3312
2014-06-13,102.4330
2014-06-16,102.4098
2014-06-17,102.6400
2014-06-18,102.6083
2014-06-19,102.3019
2014-06-20,102.3164
2014-06-23,102.1785
2014-06-24,102.2522
2014-06-25,102.1417
2014-06-26,102.0910
2014-06-27,101.9323
2014-06-30,101.7288
2014-07-01,101.6677
2014-07-02,101.7916
2014-07-03,101.8600
2014-07-04,.
2014-07-07,101.9126
2014-07-08,101.8434
2014-07-09,101.7409
2014-07-10,101.8300
2014-07-11,101.9362
2014-07-14,101.9349
2014-07-15,102.1190
2014-07-16,102.1380
2014-07-17,102.2072
2014-07-18,102.2120
2014-07-21,102.1521
2014-07-22,102.1596
2014-07-23,102.1102
2014-07-24,102.2007
2014-07-25,102.3342
2014-07-28,102.3416
2014-07-29,102.5414
2014-07-30,102.8340
2014-07-31,102.9487
2014-08-01,102.9901
2014-08-04,102.9582
2014-08-05,103.1742
2014-08-06,103.1105
2014-08-07,103.1447
2014-08-08,103.0834
2014-08-11,102.9449
2014-08-12,102.9984
2014-08-13,102.9276
2014-08-14,102.8129
2014-08-15,102.7370
2014-08-18,102.6903
2014-08-19,102.8670
2014-08-20,103.0363
2014-08-21,103.1226
2014-08-22,103.2446
2014-08-25,103.3638
2014-08-26,103.3076
2014-08-27,103.1242
2014-08-28,103.1527
2014-08-29,103.1864
2014-09-01,.
2014-09-02,103.5415
2014-09-03,103.3301
2014-09-04,103.7203
2014-09-05,103.6729
2014-09-08,103.8462
2014-09-09,104.3100
2014-09-10,104.3013
2014-09-11,104.3625
2014-09-12,104.5256
2014-09-15,104.6051
2014-09-16,104.3452
2014-09-17,104.4092
2014-09-18,104.6501
2014-09-19,104.8520
2014-09-22,104.9770
2014-09-23,105.0118
2014-09-24,105.1423
2014-09-25,105.3914
2014-09-26,105.7005
2014-09-29,105.8965
2014-09-30,106.0459
2014-10-01,106.0653
2014-10-02,105.8174
2014-10-03,106.4826
2014-10-06,106.0706
2014-10-07,105.9703
2014-10-08,106.0310
2014-10-09,105.6867
2014-10-10,105.9348
2014-10-13,.
2014-10-14,105.8929
2014-10-15,105.8387
2014-10-16,105.7859
2014-10-17,105.8073
2014-10-20,105.7840
2014-10-21,105.7405
2014-10-22,105.9534
2014-10-23,106.1087
2014-10-24,105.9913
2014-10-27,106.0561
2014-10-28,105.7422
2014-10-29,105.5414
2014-10-30,105.9634
2014-10-31,106.6606
2014-11-03,107.1002
2014-11-04,107.1183
2014-11-05,107.4078
2014-11-06,107.7351
2014-11-07,107.6473
2014-11-10,107.5362
2014-11-11,.
2014-11-12,107.5179
2014-11-13,107.7285
2014-11-14,107.7483
2014-11-17,107.8593
2014-11-18,107.6457
2014-11-19,107.8857
2014-11-20,107.9037
2014-11-21,107.9372
2014-11-24,108.0770
2014-11-25,107.9473
2014-11-26,107.8798
2014-11-27,.
2014-11-28,108.7920
2014-12-01,108.6889
2014-12-02,109.2679
2014-12-03,109.3944
2014-12-04,109.2371
2014-12-05,109.9212
2014-12-08,110.1698
2014-12-09,109.6869
2014-12-10,109.8901
2014-12-11,110.3414
2014-12-12,110.3087
2014-12-15,110.6752
2014-12-16,110.5547
2014-12-17,110.5110
2014-12-18,110.7454
2014-12-19,111.0141
2014-12-22,110.9087
2014-12-23,111.2568
2014-12-24,111.1898
2014-12-25,.
2014-12-26,111.1749
2014-12-29,111.3299
2014-12-30,111.0036
2014-12-31,111.2766
2015-01-01,.
2015-01-02,111.8409
2015-01-05,112.4825
2015-01-06,112.2582
2015-01-07,112.5917
2015-01-08,112.2166
2015-01-09,112.0617
2015-01-12,112.1751
2015-01-13,112.2195
2015-01-14,112.0339
2015-01-15,112.0482
2015-01-16,112.2160
2015-01-19,.
2015-01-20,112.5458
2015-01-21,112.7622
2015-01-22,112.8767
2015-01-23,113.3187
2015-01-26,113.5214
2015-01-27,113.1746
2015-01-28,113.5069
2015-01-29,114.3076
2015-01-30,114.6316
2015-02-02,114.2490
2015-02-03,113.6244
2015-02-04,113.7970
2015-02-05,113.5214
2015-02-06,114.1560
2015-02-09,114.0069
2015-02-10,114.2997
2015-02-11,114.8060
2015-02-12,113.9722
2015-02-13,113.8477
2015-02-16,.
2015-02-17,113.9823
2015-02-18,114.2839
2015-02-19,114.1707
2015-02-20,114.3643
2015-02-23,114.5816
2015-02-24,114.5787
2015-02-25,114.0739
2015-02-26,114.5000
2015-02-27,114.6291
2015-03-02,114.8505
2015-03-03,114.5850
2015-03-04,115.1531
2015-03-05,115.4702
2015-03-06,116.4099
2015-03-09,116.5084
2015-03-10,117.1371
2015-03-11,117.5183
2015-03-12,117.1525
2015-03-13,117.8860
2015-03-16,117.6169
2015-03-17,117.5178
2015-03-18,117.2884
2015-03-19,117.0176
2015-03-20,116.0377
2015-03-23,115.3673
2015-03-24,115.2651
2015-03-25,115.0968
2015-03-26,115.3858
2015-03-27,115.7286
2015-03-30,116.2050
2015-03-31,116.2540
2015-04-01,115.8532
2015-04-02,115.4403
2015-04-03,114.6553
2015-04-06,114.5390
2015-04-07,115.2054
2015-04-08,115.1771
2015-04-09,115.7487
2015-04-10,116.1864
2015-04-13,116.4913
2015-04-14,115.7834
2015-04-15,115.9014
2015-04-16,115.0004
2015-04-17,115.0753
2015-04-20,115.2598
2015-04-21,115.3335
2015-04-22,115.3345
2015-04-23,114.9206
2015-04-24,114.6486
2015-04-27,114.4880
2015-04-28,113.9027
2015-04-29,113.3599
2015-04-30,114.1061
2015-05-01,114.4215
2015-05-04,114.4684
2015-05-05,114.0382
2015-05-06,113.4857
2015-05-07,113.9972
2015-05-08,113.6798
2015-05-11,114.1760
2015-05-12,113.7607
2015-05-13,113.2108
2015-05-14,113.0797
2015-05-15,112.8482
2015-05-18,113.4099
2015-05-19,114.1444
2015-05-20,114.3739
2015-05-21,114.1889
2015-05-22,114.6315
2015-05-25,.
2015-05-26,115.5373
2015-05-27,115.7208
2015-05-28,115.7435
2015-05-29,115.5625
2015-06-01,116.0589
2015-06-02,115.3036
2015-06-03,115.0052
2015-06-04,115.3755
2015-06-05,116.0480
2015-06-08,115.7034
2015-06-09,115.1595
2015-06-10,114.7231
2015-06-11,115.0179
2015-06-12,114.8460
2015-06-15,114.9345
2015-06-16,114.9816
2015-06-17,115.0118
2015-06-18,114.0412
2015-06-19,114.3983
2015-06-22,114.3219
2015-06-23,114.9009
2015-06-24,115.1896
2015-06-25,115.1037
2015-06-26,115.3794
2015-06-29,115.3560
2015-06-30,115.4649
2015-07-01,115.9494
2015-07-02,115.8498
2015-07-03,.
2015-07-06,116.0975
2015-07-07,116.7271
2015-07-08,116.4031
2015-07-09,116.4888
2015-07-10,116.1497
2015-07-13,116.5284
2015-07-14,116.4495
2015-07-15,116.9755
2015-07-16,117.1355
2015-07-17,117.4979
2015-07-20,117.6692
2015-07-21,117.3557
2015-07-22,117.7656
2015-07-23,117.7422
2015-07-24,118.0161
2015-07-27,117.7154
2015-07-28,117.7170
2015-07-29,117.6245
2015-07-30,118.4760
2015-07-31,117.8293
2015-08-03,118.2828
2015-08-04,118.2884
2015-08-05,118.9296
2015-08-06,118.7988
2015-08-07,118.5109
2015-08-10,118.2678
2015-08-11,119.2148
2015-08-12,118.8466
2015-08-13,119.2800
2015-08-14,119.3071
2015-08-17,119.5568
2015-08-18,119.6767
2015-08-19,119.8521
2015-08-20,119.5513
2015-08-21,119.6046
2015-08-24,119.4220
2015-08-25,119.8043
2015-08-26,120.0090
2015-08-27,119.8577
2015-08-28,120.0110
2015-08-31,119.8776
2015-09-01,119.7627
2015-09-02,120.0935
2015-09-03,120.1570
2015-09-04,120.4158
2015-09-07,.
2015-09-08,120.1644
2015-09-09,120.3013
2015-09-10,120.0133
2015-09-11,119.9764
2015-09-14,119.8500
2015-09-15,119.9673
2015-09-16,119.4328
2015-09-17,119.4300
2015-09-18,119.1352
2015-09-21,119.9821
2015-09-22,120.5499
2015-09-23,121.0056
2015-09-24,120.8098
2015-09-25,120.7203
2015-09-28,120.7522
2015-09-29,120.8636
2015-09-30,120.6347
2015-10-01,120.3678
2015-10-02,120.0350
2015-10-05,119.7369
2015-10-06,119.4256
2015-10-07,119.0624
2015-10-08,118.8917
2015-10-09,118.2849
2015-10-12,.
2015-10-13,118.6232
2015-10-14,118.3447
2015-10-15,117.8397
2015-10-16,118.2002
2015-10-19,118.6193
2015-10-20,118.5671
2015-10-21,119.0213
2015-10-22,119.2735
2015-10-23,119.6421
2015-10-26,119.4201
2015-10-27,119.7169
2015-10-28,119.4528
2015-10-29,120.0524
2015-10-30,119.4196
2015-11-02,119.4224
2015-11-03,119.4329
2015-11-04,119.9209
2015-11-05,120.0097
2015-11-06,120.9235
2015-11-09,121.1827
2015-11-10,121.2548
2015-11-11,.
2015-11-12,121.1017
2015-11-13,121.3516
2015-11-16,121.5319
2015-11-17,121.6323
2015-11-18,121.6842
2015-11-19,120.8816
2015-11-20,121.0540
2015-11-23,121.4104
2015-11-24,121.0324
2015-11-25,121.1514
2015-11-26,.
2015-11-27,121.5695
2015-11-30,121.6117
2015-12-01,121.3858
2015-12-02,121.6395
2015-12-03,120.9325
2015-12-04,120.8503
2015-12-07,121.6648
2015-12-08,121.9180
2015-12-09,121.5961
2015-12-10,121.6730
2015-12-11,122.1773
2015-12-14,122.2098
2015-12-15,122.2838
2015-12-16,122.4265
2015-12-17,123.2770
2015-12-18,122.7210
2015-12-21,122.8346
2015-12-22,122.6157
2015-12-23,122.5626
2015-12-24,122.4696
2015-12-25,.
2015-12-28,122.4847
2015-12-29,122.5988
2015-12-30,122.9458
2015-12-31,122.7709
2016-01-01,.
2016-01-04,123.6929
2016-01-05,123.7740
2016-01-06,124.1992
2016-01-07,124.2812
2016-01-08,124.6539
2016-01-11,124.6357
2016-01-12,124.9280
2016-01-13,124.7564
2016-01-14,125.0039
2016-01-15,125.3626
2016-01-18,.
2016-01-19,125.4068
2016-01-20,125.9840
2016-01-21,125.6384
2016-01-22,125.3718
2016-01-25,125.6244
2016-01-26,125.2761
2016-01-27,125.1146
2016-01-28,124.8181
2016-01-29,125.1342
2016-02-01,124.9300
2016-02-02,125.2043
2016-02-03,124.2652
2016-02-04,123.1948
2016-02-05,123.9086
2016-02-08,124.0496
2016-02-09,123.7730
2016-02-10,123.8906
2016-02-11,123.8013
2016-02-12,123.9271
2016-02-15,.
2016-02-16,124.0131
2016-02-17,123.3877
2016-02-18,123.4086
2016-02-19,123.4912
2016-02-22,123.2990
2016-02-23,123.6668
2016-02-24,123.6557
2016-02-25,123.4219
2016-02-26,123.8895
2016-02-29,123.7694
2016-03-01,123.4263
2016-03-02,123.2988
2016-03-03,122.7182
2016-03-04,122.0426
2016-03-07,122.0398
2016-03-08,122.2703
2016-03-09,121.8477
2016-03-10,121.8399
2016-03-11,121.2693
2016-03-14,121.6902
2016-03-15,122.1013
2016-03-16,122.3051
2016-03-17,119.9002
2016-03-18,119.8594
2016-03-21,120.1925
2016-03-22,120.2167
2016-03-23,121.0072
2016-03-24,121.3006
2016-03-25,121.2496
2016-03-28,120.8513
2016-03-29,120.8743
2016-03-30,119.6551
2016-03-31,119.2912
2016-04-01,119.7030
2016-04-04,119.8350
2016-04-05,120.3716
2016-04-06,119.9539
2016-04-07,120.2687
2016-04-08,119.7988
2016-04-11,119.3462
2016-04-12,119.1878
2016-04-13,119.5343
2016-04-14,119.5583
2016-04-15,119.5789
2016-04-18,119.3827
2016-04-19,118.6406
2016-04-20,118.7623
2016-04-21,119.2661
2016-04-22,119.6956
2016-04-25,119.6487
2016-04-26,119.2174
2016-04-27,119.3103
2016-04-28,118.6206
2016-04-29,118.2420
2016-05-02,118.0914
2016-05-03,118.8186
2016-05-04,119.4664
2016-05-05,119.7263
2016-05-06,119.8508
2016-05-09,120.4594
2016-05-10,120.3401
2016-05-11,119.7540
2016-05-12,120.2008
2016-05-13,120.7802
2016-05-16,120.6443
2016-05-17,120.6069
2016-05-18,121.1010
2016-05-19,121.8444
2016-05-20,121.7846
2016-05-23,121.8813
2016-05-24,121.9091
2016-05-25,121.8107
2016-05-26,121.5083
2016-05-27,121.7016
2016-05-30,.
2016-05-31,122.0814
2016-06-01,122.1022
2016-06-02,122.0993
2016-06-03,121.0335
2016-06-06,120.8005
2016-06-07,120.4166
2016-06-08,119.7398
2016-06-09,120.1674
2016-06-10,120.6748
2016-06-13,121.0971
2016-06-14,121.6012
2016-06-15,121.3468
2016-06-16,121.8135
2016-06-17,121.1252
2016-06-20,120.4602
2016-06-21,120.5983
2016-06-22,120.3435
2016-06-23,119.8338
2016-06-24,121.6726
2016-06-27,122.6726
2016-06-28,122.2579
2016-06-29,121.3413
2016-06-30,121.6240
2016-07-01,121.1271
2016-07-04,.
2016-07-05,121.9258
2016-07-06,122.0519
2016-07-07,122.0684
2016-07-08,121.8706
2016-07-11,122.0101
2016-07-12,121.6161
2016-07-13,121.5288
2016-07-14,121.2548
2016-07-15,121.7714
2016-07-18,121.7578
2016-07-19,122.1362
2016-07-20,122.1652
2016-07-21,122.1127
2016-07-22,122.4650
2016-07-25,122.6810
2016-07-26,122.5485
2016-07-27,122.6998
2016-07-28,122.2173
2016-07-29,121.3225
2016-08-01,121.4159
2016-08-02,121.1434
2016-08-03,121.3934
2016-08-04,121.3385
2016-08-05,121.7767
2016-08-08,121.5492
2016-08-09,121.0973
2016-08-10,120.6629
2016-08-11,120.5200
2016-08-12,120.5257
2016-08-15,120.2457
2016-08-16,119.7535
2016-08-17,120.3217
2016-08-18,119.6884
2016-08-19,120.2269
2016-08-22,120.4329
2016-08-23,120.3652
2016-08-24,120.7641
2016-08-25,120.6161
2016-08-26,120.6506
2016-08-29,121.3439
2016-08-30,121.7676
2016-08-31,121.8847
2016-09-01,121.6787
2016-09-02,121.5145
2016-09-05,.
2016-09-06,120.4402
2016-09-07,120.4057
2016-09-08,120.7061
2016-09-09,121.4739
2016-09-12,121.6560
2016-09-13,122.0296
2016-09-14,121.9688
2016-09-15,121.9751
2016-09-16,122.6698
2016-09-19,122.3581
2016-09-20,122.6369
2016-09-21,122.4165
2016-09-22,121.6889
2016-09-23,122.1416
2016-09-26,122.1438
2016-09-27,121.9609
2016-09-28,122.0358
2016-09-29,121.6960
2016-09-30,121.6921
2016-10-03,121.8957
2016-10-04,122.0467
2016-10-05,122.1887
2016-10-06,122.3816
2016-10-07,122.6397
2016-10-10,.
2016-10-11,122.8552
2016-10-12,123.1617
2016-10-13,123.0637
2016-10-14,123.1560
2016-10-17,123.0115
2016-10-18,122.5884
2016-10-19,122.4804
2016-10-20,122.8400
2016-10-21,123.3637
2016-10-24,123.3140
2016-10-25,123.1234
2016-10-26,123.2764
2016-10-27,123.6923
2016-10-28,123.5783
2016-10-31,123.5141
2016-11-01,123.4820
2016-11-02,123.4359
2016-11-03,123.2915
2016-11-04,123.1203
2016-11-07,123.0760
2016-11-08,122.8327
2016-11-09,124.2711
2016-11-10,125.6112
2016-11-11,.
2016-11-14,126.9848
2016-11-15,126.5164
2016-11-16,126.5903
2016-11-17,126.6666
2016-11-18,127.3803
2016-11-21,127.2803
2016-11-22,127.2312
2016-11-23,127.8914
2016-11-24,.
2016-11-25,127.8604
2016-11-28,127.5444
2016-11-29,127.4658
2016-11-30,127.5646
2016-12-01,127.4882
2016-12-02,127.1410
2016-12-05,126.9266
2016-12-06,126.7412
2016-12-07,126.4583
2016-12-08,126.8144
2016-12-09,127.1143
2016-12-12,126.7305
2016-12-13,126.6047
2016-12-14,126.5634
2016-12-15,128.6568
2016-12-16,128.2517
2016-12-19,128.2576
2016-12-20,128.4901
2016-12-21,128.4245
2016-12-22,128.6795
2016-12-23,128.6197
2016-12-26,.
2016-12-27,128.7938
2016-12-28,129.0778
2016-12-29,128.5027
2016-12-30,128.2131
2017-01-02,128.2103
2017-01-03,128.9627
2017-01-04,128.7344
2017-01-05,127.7769
2017-01-06,128.1802
2017-01-09,128.2527
2017-01-10,128.3540
2017-01-11,128.8561
2017-01-12,127.5389
2017-01-13,127.7486
2017-01-16,127.7692
2017-01-17,126.9705
2017-01-18,127.4110
2017-01-19,128.0600
2017-01-20,128.0386
2017-01-23,126.9517
2017-01-24,126.7655
2017-01-25,126.6980
2017-01-26,127.0451
2017-01-27,126.8371
2017-01-30,126.4712
2017-01-31,125.9632
2017-02-01,126.1359
2017-02-02,125.6026
2017-02-03,125.2827
2017-02-06,125.6922
2017-02-07,126.0999
2017-02-08,125.8150
2017-02-09,125.9791
2017-02-10,125.8230
2017-02-13,126.0170
2017-02-14,126.0155
2017-02-15,125.8388
2017-02-16,125.6195
2017-02-17,126.0425
2017-02-20,126.0389
2017-02-21,126.2335
2017-02-22,125.8346
2017-02-23,125.2481
2017-02-24,125.4154
2017-02-27,125.2778
2017-02-28,125.5992
2017-03-01,126.0440
2017-03-02,126.4661
2017-03-03,126.2717
2017-03-06,126.0546
2017-03-07,126.0469
2017-03-08,126.5172
2017-03-09,126.6562
2017-03-10,126.2599
2017-03-13,126.0544
2017-03-14,126.2268
2017-03-15,126.0056
2017-03-16,125.1158
2017-03-17,124.8794
2017-03-20,124.6236
2017-03-21,124.3952
2017-03-22,124.3672
2017-03-23,124.3669
2017-03-24,124.1875
2017-03-27,123.7709
2017-03-28,123.9659
2017-03-29,124.2556
2017-03-30,124.0713
2017-03-31,124.3472
2017-04-03,124.4054
2017-04-04,124.5435
2017-04-05,124.5144
2017-04-06,124.5982
2017-04-07,124.6403
2017-04-10,124.7057
2017-04-11,124.6026
2017-04-12,124.4916
2017-04-13,124.0608
2017-04-14,124.0848
2017-04-17,123.8726
2017-04-18,123.8313
2017-04-19,124.3900
2017-04-20,124.2064
2017-04-21,124.3998
2017-04-24,123.9386
2017-04-25,124.0877
2017-04-26,124.5655
2017-04-27,124.6213
2017-04-28,124.4116
2017-05-01,124.2085
2017-05-02,124.2912
2017-05-03,124.2866
2017-05-04,124.5583
2017-05-05,124.4384
2017-05-08,124.7511
2017-05-09,125.0645
2017-05-10,124.7611
2017-05-11,124.6957
2017-05-12,124.3616
2017-05-15,123.9429
2017-05-16,123.5862
2017-05-17,123.3486
2017-05-18,123.9093
2017-05-19,123.3057
2017-05-22,123.1434
2017-05-23,123.2998
2017-05-24,123.2817
2017-05-25,122.9454
2017-05-26,123.0087
2017-05-29,123.0080
2017-05-30,123.1000
2017-05-31,122.7882
2017-06-01,122.7838
2017-06-02,122.6828
